,n,latent_dim,embed_dim,timesteps,loss,total_cost,id
0,100,2,2,25,1.9874319066927694e-07,0,LR
1,110,2,2,25,6.962640760641107e-08,0,LR
2,120,2,2,25,2.111342279054287e-07,0,LR
3,130,2,2,25,1.72932953585958e-07,0,LR
4,140,2,2,25,2.0395329087566355e-07,0,LR
5,150,2,2,25,2.4743805066541073e-07,0,LR
6,160,2,2,25,2.2037201458194462e-07,0,LR
7,170,2,2,25,1.5873778033413104e-07,0,LR
8,180,2,2,25,2.1732698434345732e-07,0,LR
9,190,2,2,25,1.7404886813388173e-07,0,LR
10,200,2,2,25,1.5257756555769723e-07,0,LR
11,210,2,2,25,1.501730447147802e-07,0,LR
12,220,2,2,25,1.806544390336252e-07,0,LR
13,230,2,2,25,1.6765207755113783e-07,0,LR
14,240,2,2,25,1.6182204421242663e-07,0,LR
15,250,2,2,25,1.6560135278008424e-07,0,LR
16,260,2,2,25,2.0035214296546311e-07,0,LR
17,270,2,2,25,1.7808180201437112e-07,0,LR
18,280,2,2,25,1.805562480959087e-07,0,LR
19,290,2,2,25,2.1862291035865157e-07,0,LR
20,300,2,2,25,1.7558422614125872e-07,0,LR
21,310,2,2,25,1.8724410144289609e-07,0,LR
22,320,2,2,25,2.0409312409836183e-07,0,LR
23,330,2,2,25,1.340970527989472e-07,0,LR
24,340,2,2,25,2.4410594395553605e-07,0,LR
25,350,2,2,25,1.7183446942033984e-07,0,LR
26,360,2,2,25,1.7017503330860538e-07,0,LR
27,370,2,2,25,1.249446438594441e-07,0,LR
28,380,2,2,25,2.078264530286474e-07,0,LR
29,390,2,2,25,2.0207604876158398e-07,0,LR
30,400,2,2,25,2.4215935271502495e-07,0,LR
31,410,2,2,25,2.0085522872416684e-07,0,LR
32,420,2,2,25,1.6392043846929572e-07,0,LR
33,430,2,2,25,1.6627547936922274e-07,0,LR
34,440,2,2,25,1.6796132145382477e-07,0,LR
35,450,2,2,25,1.2787811834341758e-07,0,LR
36,460,2,2,25,2.7004361585623907e-07,0,LR
37,470,2,2,25,1.9343084912332624e-07,0,LR
38,480,2,2,25,1.4759327505267378e-07,0,LR
39,490,2,2,25,1.33426766488371e-07,0,LR
40,500,2,2,25,1.2781828640934396e-07,0,LR
41,510,2,2,25,1.525228157507374e-07,0,LR
42,520,2,2,25,2.038520094579224e-07,0,LR
43,530,2,2,25,1.5444891488833307e-07,0,LR
44,540,2,2,25,1.7831998403349117e-07,0,LR
45,550,2,2,25,2.0990350565183953e-07,0,LR
46,560,2,2,25,1.6416278701464272e-07,0,LR
47,570,2,2,25,2.019829619239293e-07,0,LR
48,580,2,2,25,2.0730780028720826e-07,0,LR
49,590,2,2,25,2.6140656185265473e-07,0,LR
50,600,2,2,25,2.772885056744573e-07,0,LR
51,610,2,2,25,2.2379765798778786e-07,0,LR
52,620,2,2,25,1.479621623093926e-07,0,LR
53,630,2,2,25,2.1709148094947736e-07,0,LR
54,640,2,2,25,2.110033957083628e-07,0,LR
55,650,2,2,25,3.2669857623535404e-07,0,LR
56,660,2,2,25,1.8041264094638793e-07,0,LR
57,670,2,2,25,1.630070179583492e-07,0,LR
58,680,2,2,25,1.5565217424402926e-07,0,LR
59,690,2,2,25,2.0757339361509947e-07,0,LR
60,700,2,2,25,1.5042228898005413e-07,0,LR
61,710,2,2,25,9.569969860228403e-08,0,LR
62,720,2,2,25,1.8194831832825364e-07,0,LR
63,730,2,2,25,2.6417734761232137e-07,0,LR
64,740,2,2,25,1.2754580359244552e-07,0,LR
65,750,2,2,25,1.4990187054564472e-07,0,LR
66,760,2,2,25,2.631631109483588e-07,0,LR
67,770,2,2,25,1.5443665874316288e-07,0,LR
68,780,2,2,25,1.0333749381157339e-07,0,LR
69,790,2,2,25,1.6937774928117334e-07,0,LR
70,800,2,2,25,2.679728831000717e-07,0,LR
71,810,2,2,25,2.136679142052864e-07,0,LR
72,820,2,2,25,1.3907975051643047e-07,0,LR
73,830,2,2,25,1.6680194224745698e-07,0,LR
74,840,2,2,25,1.9705800617024066e-07,0,LR
75,850,2,2,25,1.3538284991587637e-07,0,LR
76,860,2,2,25,1.2714892497992777e-07,0,LR
77,870,2,2,25,1.45725069115099e-07,0,LR
78,880,2,2,25,1.2252673620668098e-07,0,LR
79,890,2,2,25,1.7994033847079925e-07,0,LR
80,900,2,2,25,2.50686785892524e-07,0,LR
81,910,2,2,25,1.819755887914691e-07,0,LR
82,920,2,2,25,2.6435838874021314e-07,0,LR
83,930,2,2,25,2.576954227441619e-07,0,LR
84,940,2,2,25,3.201607710991216e-07,0,LR
85,950,2,2,25,2.0394217240642055e-07,0,LR
86,960,2,2,25,2.046831998778602e-07,0,LR
87,970,2,2,25,1.2068808064556306e-07,0,LR
88,980,2,2,25,1.4872766078247288e-07,0,LR
89,990,2,2,25,2.0311433067956252e-07,0,LR
90,1000,2,2,25,2.396453604803318e-07,0,LR
0,100,2,2,25,7.070498618028228e-07,0,LR
1,110,2,2,25,7.221505285008732e-07,0,LR
2,120,2,2,25,4.7165992538451386e-07,0,LR
3,130,2,2,25,3.1500004722968957e-07,0,LR
4,140,2,2,25,3.3308468679483017e-07,0,LR
5,150,2,2,25,4.6439901813829654e-07,0,LR
6,160,2,2,25,3.6985554176861165e-07,0,LR
7,170,2,2,25,5.68531838422681e-07,0,LR
8,180,2,2,25,5.290219412362202e-07,0,LR
9,190,2,2,25,8.457568435400884e-07,0,LR
10,200,2,2,25,4.519265915362301e-07,0,LR
11,210,2,2,25,2.229184382969163e-07,0,LR
12,220,2,2,25,3.73970117374042e-07,0,LR
13,230,2,2,25,5.524402704083504e-07,0,LR
14,240,2,2,25,4.154170857113884e-07,0,LR
15,250,2,2,25,4.4388862470770473e-07,0,LR
16,260,2,2,25,3.9294047966544985e-07,0,LR
17,270,2,2,25,5.387514191901746e-07,0,LR
18,280,2,2,25,3.190039444537563e-07,0,LR
19,290,2,2,25,2.475980008144375e-07,0,LR
20,300,2,2,25,3.793163254501936e-07,0,LR
21,310,2,2,25,4.7295876352211215e-07,0,LR
22,320,2,2,25,5.155484364694648e-07,0,LR
23,330,2,2,25,4.428721983371933e-07,0,LR
24,340,2,2,25,9.329290021807254e-07,0,LR
25,350,2,2,25,2.117450839868528e-07,0,LR
26,360,2,2,25,3.6963027931685836e-07,0,LR
27,370,2,2,25,5.63831784828413e-07,0,LR
28,380,2,2,25,3.125710679225529e-07,0,LR
29,390,2,2,25,4.0603053825614846e-07,0,LR
30,400,2,2,25,7.019994444927831e-07,0,LR
31,410,2,2,25,3.6387310911290234e-07,0,LR
32,420,2,2,25,3.4810601370597226e-07,0,LR
33,430,2,2,25,3.1586170590499924e-07,0,LR
34,440,2,2,25,2.844082044332141e-07,0,LR
35,450,2,2,25,4.799786639256969e-07,0,LR
36,460,2,2,25,3.747866188090258e-07,0,LR
37,470,2,2,25,4.6934536450208325e-07,0,LR
38,480,2,2,25,4.5329146667368175e-07,0,LR
39,490,2,2,25,7.371364872848017e-07,0,LR
40,500,2,2,25,4.6424598477206924e-07,0,LR
41,510,2,2,25,4.6730668355085576e-07,0,LR
42,520,2,2,25,6.160337793130691e-07,0,LR
43,530,2,2,25,2.9321710639820524e-07,0,LR
44,540,2,2,25,2.765457741392659e-07,0,LR
45,550,2,2,25,4.743857047082603e-07,0,LR
46,560,2,2,25,3.6803437439567294e-07,0,LR
47,570,2,2,25,3.587712241771656e-07,0,LR
48,580,2,2,25,2.7603841415410853e-07,0,LR
49,590,2,2,25,3.1879072889588357e-07,0,LR
50,600,2,2,25,6.354277786210599e-07,0,LR
51,610,2,2,25,3.2689070045148236e-07,0,LR
52,620,2,2,25,2.252370281730438e-07,0,LR
53,630,2,2,25,7.761840508961572e-07,0,LR
54,640,2,2,25,1.759709562947038e-07,0,LR
55,650,2,2,25,3.1862913233921284e-07,0,LR
56,660,2,2,25,4.54083462344342e-07,0,LR
57,670,2,2,25,9.200320974279341e-07,0,LR
58,680,2,2,25,4.486742089708012e-07,0,LR
59,690,2,2,25,2.3696663466118148e-07,0,LR
60,700,2,2,25,3.7330786235517063e-07,0,LR
61,710,2,2,25,4.0149257848596335e-07,0,LR
62,720,2,2,25,4.6385656655044633e-07,0,LR
63,730,2,2,25,5.150927894125404e-07,0,LR
64,740,2,2,25,5.395663371629727e-07,0,LR
65,750,2,2,25,4.221400511176388e-07,0,LR
66,760,2,2,25,3.2176177873223074e-07,0,LR
67,770,2,2,25,2.954368910230557e-07,0,LR
68,780,2,2,25,3.0924848947331155e-07,0,LR
69,790,2,2,25,3.2224793028329385e-07,0,LR
70,800,2,2,25,5.850535040384274e-07,0,LR
71,810,2,2,25,7.405944741342922e-07,0,LR
72,820,2,2,25,5.411777830131114e-07,0,LR
73,830,2,2,25,3.7871892740848065e-07,0,LR
74,840,2,2,25,3.026131880484703e-07,0,LR
75,850,2,2,25,7.783012375687892e-07,0,LR
76,860,2,2,25,2.896518460204119e-07,0,LR
77,870,2,2,25,2.195241153030315e-07,0,LR
78,880,2,2,25,3.8664190382486323e-07,0,LR
79,890,2,2,25,6.114723546369745e-07,0,LR
80,900,2,2,25,3.5584044296137133e-07,0,LR
81,910,2,2,25,3.730809101287886e-07,0,LR
82,920,2,2,25,9.798282989887078e-07,0,LR
83,930,2,2,25,4.820392496970871e-07,0,LR
84,940,2,2,25,2.4227689912761393e-07,0,LR
85,950,2,2,25,5.666784642875441e-07,0,LR
86,960,2,2,25,3.4281900460281983e-07,0,LR
87,970,2,2,25,3.690946506576378e-07,0,LR
88,980,2,2,25,4.886615358424347e-07,0,LR
89,990,2,2,25,8.304592689409932e-07,0,LR
90,1000,2,2,25,4.4937278574905283e-07,0,LR
0,100,2,2,25,0.003322046190831003,0,LR
1,110,2,2,25,0.002020534332203188,0,LR
2,120,2,2,25,0.0037801531503468817,0,LR
3,130,2,2,25,0.005513547652490692,0,LR
4,140,2,2,25,0.004002171670993926,0,LR
5,150,2,2,25,0.004279730758905134,0,LR
6,160,2,2,25,0.004589633507207993,0,LR
7,170,2,2,25,0.0020840368083720057,0,LR
8,180,2,2,25,0.005023075238693248,0,LR
9,190,2,2,25,0.0027049378370690453,0,LR
10,200,2,2,25,0.0020476590513714746,0,LR
11,210,2,2,25,0.003170323699289693,0,LR
12,220,2,2,25,0.0032172428647741606,0,LR
13,230,2,2,25,0.004661286589776684,0,LR
14,240,2,2,25,0.0034972242150059776,0,LR
15,250,2,2,25,0.0030993564584845786,0,LR
16,260,2,2,25,0.004478488763023895,0,LR
17,270,2,2,25,0.003187398954137695,0,LR
18,280,2,2,25,0.004959624780947285,0,LR
19,290,2,2,25,0.0055700377550286576,0,LR
20,300,2,2,25,0.0032922371258301223,0,LR
21,310,2,2,25,0.003275719752827266,0,LR
22,320,2,2,25,0.003703443386704001,0,LR
23,330,2,2,25,0.002966590772189836,0,LR
24,340,2,2,25,0.003494897534701778,0,LR
25,350,2,2,25,0.006538610166892278,0,LR
26,360,2,2,25,0.0048510321584360125,0,LR
27,370,2,2,25,0.004828777611640447,0,LR
28,380,2,2,25,0.00465766875044573,0,LR
29,390,2,2,25,0.006564512498900862,0,LR
30,400,2,2,25,0.0072670224634616715,0,LR
31,410,2,2,25,0.005446995697157493,0,LR
32,420,2,2,25,0.004318916649044919,0,LR
33,430,2,2,25,0.003323822682237702,0,LR
34,440,2,2,25,0.003503220677545217,0,LR
35,450,2,2,25,0.0029536660514996402,0,LR
36,460,2,2,25,0.004025827936490202,0,LR
37,470,2,2,25,0.004653645552061165,0,LR
38,480,2,2,25,0.004711102449874312,0,LR
39,490,2,2,25,0.0031609984404755423,0,LR
40,500,2,2,25,0.005283065830677882,0,LR
41,510,2,2,25,0.003961031996365767,0,LR
42,520,2,2,25,0.003680887691886327,0,LR
43,530,2,2,25,0.003463456545634371,0,LR
44,540,2,2,25,0.004493691469456506,0,LR
45,550,2,2,25,0.006048686457287286,0,LR
46,560,2,2,25,0.002687815672592486,0,LR
47,570,2,2,25,0.005069186353322223,0,LR
48,580,2,2,25,0.002637659647126139,0,LR
49,590,2,2,25,0.0037908927609144227,0,LR
50,600,2,2,25,0.003914245042371528,0,LR
51,610,2,2,25,0.002157028879916046,0,LR
52,620,2,2,25,0.003718645253403548,0,LR
53,630,2,2,25,0.005378361541436337,0,LR
54,640,2,2,25,0.005487565135047795,0,LR
55,650,2,2,25,0.0029870003435360946,0,LR
56,660,2,2,25,0.0023315626702879186,0,LR
57,670,2,2,25,0.0023801505363957596,0,LR
58,680,2,2,25,0.004177431672459773,0,LR
59,690,2,2,25,0.004236028741905128,0,LR
60,700,2,2,25,0.002494175705843789,0,LR
61,710,2,2,25,0.003871707839945161,0,LR
62,720,2,2,25,0.005284468996375378,0,LR
63,730,2,2,25,0.0029598434385098033,0,LR
64,740,2,2,25,0.003998295748874585,0,LR
65,750,2,2,25,0.003961747549422286,0,LR
66,760,2,2,25,0.004031865983346172,0,LR
67,770,2,2,25,0.0046842724510949875,0,LR
68,780,2,2,25,0.003325413866601142,0,LR
69,790,2,2,25,0.004910743707191588,0,LR
70,800,2,2,25,0.0033617311210485242,0,LR
71,810,2,2,25,0.00600846056199331,0,LR
72,820,2,2,25,0.004613651414644202,0,LR
73,830,2,2,25,0.004500741293464479,0,LR
74,840,2,2,25,0.0063227134444940845,0,LR
75,850,2,2,25,0.002900285868844298,0,LR
76,860,2,2,25,0.0050432592762424434,0,LR
77,870,2,2,25,0.004677225266453533,0,LR
78,880,2,2,25,0.004774610254612058,0,LR
79,890,2,2,25,0.004729260960183594,0,LR
80,900,2,2,25,0.004913204095077237,0,LR
81,910,2,2,25,0.0046907442169715746,0,LR
82,920,2,2,25,0.0037071923278903943,0,LR
83,930,2,2,25,0.002744673424931166,0,LR
84,940,2,2,25,0.004934646250635958,0,LR
85,950,2,2,25,0.00418807884253408,0,LR
86,960,2,2,25,0.003370722206711925,0,LR
87,970,2,2,25,0.0040092220216951194,0,LR
88,980,2,2,25,0.003316711085887323,0,LR
89,990,2,2,25,0.003769319368245302,0,LR
90,1000,2,2,25,0.004966808153656152,0,LR
0,100,2,2,25,1.821330077594705e-07,0,LR
1,110,2,2,25,2.698454272955602e-07,0,LR
2,120,2,2,25,3.1964190698040003e-07,0,LR
3,130,2,2,25,2.0498554534759323e-07,0,LR
4,140,2,2,25,2.481635173962834e-07,0,LR
5,150,2,2,25,1.4814197659005612e-07,0,LR
6,160,2,2,25,2.3668409790041917e-07,0,LR
7,170,2,2,25,1.3096149990969244e-07,0,LR
8,180,2,2,25,2.1510295014112137e-07,0,LR
9,190,2,2,25,1.510705694520041e-07,0,LR
10,200,2,2,25,1.7798325753702092e-07,0,LR
11,210,2,2,25,2.161240316289893e-07,0,LR
12,220,2,2,25,2.4589052751766217e-07,0,LR
13,230,2,2,25,2.784695888565763e-07,0,LR
14,240,2,2,25,1.3315075380337727e-07,0,LR
15,250,2,2,25,2.1631212443974894e-07,0,LR
16,260,2,2,25,2.2667328311415667e-07,0,LR
17,270,2,2,25,1.7972810663882367e-07,0,LR
18,280,2,2,25,1.8836909668852512e-07,0,LR
19,290,2,2,25,1.1636539047347078e-07,0,LR
20,300,2,2,25,1.548287422523123e-07,0,LR
21,310,2,2,25,1.354192088026821e-07,0,LR
22,320,2,2,25,2.7897752131749885e-07,0,LR
23,330,2,2,25,1.5390542524442296e-07,0,LR
24,340,2,2,25,1.2848947352571142e-07,0,LR
25,350,2,2,25,1.7510021880177814e-07,0,LR
26,360,2,2,25,2.977333748365239e-07,0,LR
27,370,2,2,25,2.9981164643666436e-07,0,LR
28,380,2,2,25,1.753191100806971e-07,0,LR
29,390,2,2,25,2.7804740930481587e-07,0,LR
30,400,2,2,25,1.4067792322570738e-07,0,LR
31,410,2,2,25,2.722628705269873e-07,0,LR
32,420,2,2,25,1.9255658861685088e-07,0,LR
33,430,2,2,25,2.752155979618597e-07,0,LR
34,440,2,2,25,1.4342732740364344e-07,0,LR
35,450,2,2,25,1.9674668908078504e-07,0,LR
36,460,2,2,25,2.758687035072519e-07,0,LR
37,470,2,2,25,2.7224012173235895e-07,0,LR
38,480,2,2,25,2.1240686586869112e-07,0,LR
39,490,2,2,25,2.3294470664200758e-07,0,LR
40,500,2,2,25,2.606146395592824e-07,0,LR
41,510,2,2,25,3.61333746479159e-07,0,LR
42,520,2,2,25,2.447213137044166e-07,0,LR
43,530,2,2,25,2.669704495765399e-07,0,LR
44,540,2,2,25,2.7881342285306617e-07,0,LR
45,550,2,2,25,3.5158532120203097e-07,0,LR
46,560,2,2,25,2.707653658393589e-07,0,LR
47,570,2,2,25,2.76633485596849e-07,0,LR
48,580,2,2,25,1.9742566233884516e-07,0,LR
49,590,2,2,25,3.388377775140572e-07,0,LR
50,600,2,2,25,2.3706172687790298e-07,0,LR
51,610,2,2,25,2.1667367903396435e-07,0,LR
52,620,2,2,25,2.9999534760230437e-07,0,LR
53,630,2,2,25,3.3998585411132333e-07,0,LR
54,640,2,2,25,2.3133460164966843e-07,0,LR
55,650,2,2,25,2.4081012569536495e-07,0,LR
56,660,2,2,25,1.867204842119511e-07,0,LR
57,670,2,2,25,2.681412067485523e-07,0,LR
58,680,2,2,25,2.3703221264470693e-07,0,LR
59,690,2,2,25,2.5086077317215194e-07,0,LR
60,700,2,2,25,3.119058933207014e-07,0,LR
61,710,2,2,25,2.1934126698771105e-07,0,LR
62,720,2,2,25,2.865318185832061e-07,0,LR
63,730,2,2,25,1.9032507914039947e-07,0,LR
64,740,2,2,25,3.1895635835925766e-07,0,LR
65,750,2,2,25,1.6313361791979752e-07,0,LR
66,760,2,2,25,2.534915196716958e-07,0,LR
67,770,2,2,25,1.8193845887863643e-07,0,LR
68,780,2,2,25,1.7333927796090084e-07,0,LR
69,790,2,2,25,1.840924219293127e-07,0,LR
70,800,2,2,25,1.466105310509079e-07,0,LR
71,810,2,2,25,1.8359794064569816e-07,0,LR
72,820,2,2,25,3.268138473084504e-07,0,LR
73,830,2,2,25,2.949897563531952e-07,0,LR
74,840,2,2,25,2.56102849615672e-07,0,LR
75,850,2,2,25,1.694555286983247e-07,0,LR
76,860,2,2,25,1.5871328433127162e-07,0,LR
77,870,2,2,25,2.7183934259100107e-07,0,LR
78,880,2,2,25,1.3614839029165054e-07,0,LR
79,890,2,2,25,2.0713667411331003e-07,0,LR
80,900,2,2,25,2.6012864915014195e-07,0,LR
81,910,2,2,25,2.3049331047087362e-07,0,LR
82,920,2,2,25,2.2605583506186788e-07,0,LR
83,930,2,2,25,1.6362531677984457e-07,0,LR
84,940,2,2,25,1.679933558747351e-07,0,LR
85,950,2,2,25,2.9020290170477814e-07,0,LR
86,960,2,2,25,1.4693905141462283e-07,0,LR
87,970,2,2,25,3.715561622534971e-07,0,LR
88,980,2,2,25,2.579310617004038e-07,0,LR
89,990,2,2,25,1.7305761661287084e-07,0,LR
90,1000,2,2,25,1.765261623313571e-07,0,LR
0,100,2,2,25,1.5386820151542562e-06,0,LR
1,110,2,2,25,1.475593650524494e-06,0,LR
2,120,2,2,25,1.526234405771741e-06,0,LR
3,130,2,2,25,1.5564599886621531e-06,0,LR
4,140,2,2,25,1.5442959225265883e-06,0,LR
5,150,2,2,25,1.4963292327979776e-06,0,LR
6,160,2,2,25,1.4462398825738045e-06,0,LR
7,170,2,2,25,1.3723384480622462e-06,0,LR
8,180,2,2,25,9.94173660432784e-07,0,LR
9,190,2,2,25,1.1213176000838542e-06,0,LR
10,200,2,2,25,1.3243953708362285e-06,0,LR
11,210,2,2,25,1.34959022306018e-06,0,LR
12,220,2,2,25,1.8590028247023913e-06,0,LR
13,230,2,2,25,1.3623386110761263e-06,0,LR
14,240,2,2,25,1.3725553897291703e-06,0,LR
15,250,2,2,25,2.025850784038724e-06,0,LR
16,260,2,2,25,1.5534012120605954e-06,0,LR
17,270,2,2,25,1.1779863990922642e-06,0,LR
18,280,2,2,25,1.919385718031869e-06,0,LR
19,290,2,2,25,1.623163096199708e-06,0,LR
20,300,2,2,25,1.03422207025222e-06,0,LR
21,310,2,2,25,1.7525426443036199e-06,0,LR
22,320,2,2,25,1.4939845881790907e-06,0,LR
23,330,2,2,25,1.574382383347344e-06,0,LR
24,340,2,2,25,1.7135042049074368e-06,0,LR
25,350,2,2,25,1.318133294230449e-06,0,LR
26,360,2,2,25,1.0848808118161566e-06,0,LR
27,370,2,2,25,1.902654471881676e-06,0,LR
28,380,2,2,25,1.4072573368554536e-06,0,LR
29,390,2,2,25,1.3581922111466273e-06,0,LR
30,400,2,2,25,1.2267955417297541e-06,0,LR
31,410,2,2,25,1.416218837796283e-06,0,LR
32,420,2,2,25,7.316894909193948e-07,0,LR
33,430,2,2,25,9.474348473393447e-07,0,LR
34,440,2,2,25,1.021356616926622e-06,0,LR
35,450,2,2,25,1.4249007721007132e-06,0,LR
36,460,2,2,25,1.1521227449175934e-06,0,LR
37,470,2,2,25,1.4387292515288495e-06,0,LR
38,480,2,2,25,2.1001945161983724e-06,0,LR
39,490,2,2,25,1.647177615885814e-06,0,LR
40,500,2,2,25,1.5795029305175783e-06,0,LR
41,510,2,2,25,1.6678534627518062e-06,0,LR
42,520,2,2,25,1.6047692916728495e-06,0,LR
43,530,2,2,25,1.90458718042941e-06,0,LR
44,540,2,2,25,1.0525386931523727e-06,0,LR
45,550,2,2,25,1.4473489568853144e-06,0,LR
46,560,2,2,25,1.661057804145594e-06,0,LR
47,570,2,2,25,9.267161981146765e-07,0,LR
48,580,2,2,25,1.5513444008997146e-06,0,LR
49,590,2,2,25,9.908710627223012e-07,0,LR
50,600,2,2,25,1.2116112360542748e-06,0,LR
51,610,2,2,25,1.3175591861102471e-06,0,LR
52,620,2,2,25,1.5785243796955238e-06,0,LR
53,630,2,2,25,1.5315184490544324e-06,0,LR
54,640,2,2,25,1.4876476522421627e-06,0,LR
55,650,2,2,25,1.1693775486779201e-06,0,LR
56,660,2,2,25,1.2298263273728776e-06,0,LR
57,670,2,2,25,1.9433972546297104e-06,0,LR
58,680,2,2,25,1.8110408220069384e-06,0,LR
59,690,2,2,25,1.8311049347946514e-06,0,LR
60,700,2,2,25,1.1615505158126038e-06,0,LR
61,710,2,2,25,1.3360235591472578e-06,0,LR
62,720,2,2,25,1.9994336311923608e-06,0,LR
63,730,2,2,25,1.555950722954977e-06,0,LR
64,740,2,2,25,1.6222603184288517e-06,0,LR
65,750,2,2,25,2.023327483314006e-06,0,LR
66,760,2,2,25,1.4910981570720668e-06,0,LR
67,770,2,2,25,1.4794964305541041e-06,0,LR
68,780,2,2,25,9.90207031342096e-07,0,LR
69,790,2,2,25,1.2648942950508054e-06,0,LR
70,800,2,2,25,1.3901857599858222e-06,0,LR
71,810,2,2,25,1.6589390660034823e-06,0,LR
72,820,2,2,25,1.5473468103759365e-06,0,LR
73,830,2,2,25,1.25571690151804e-06,0,LR
74,840,2,2,25,1.0172485676901625e-06,0,LR
75,850,2,2,25,1.2036343848143686e-06,0,LR
76,860,2,2,25,1.4242882888920622e-06,0,LR
77,870,2,2,25,1.3286337789961512e-06,0,LR
78,880,2,2,25,1.7598991810037769e-06,0,LR
79,890,2,2,25,1.3119190990469451e-06,0,LR
80,900,2,2,25,1.7941485509742624e-06,0,LR
81,910,2,2,25,1.2574666982621427e-06,0,LR
82,920,2,2,25,1.5433824486002115e-06,0,LR
83,930,2,2,25,1.594158714698772e-06,0,LR
84,940,2,2,25,1.6048741466162253e-06,0,LR
85,950,2,2,25,1.5980554400379733e-06,0,LR
86,960,2,2,25,1.4487316245291893e-06,0,LR
87,970,2,2,25,1.5914337489059347e-06,0,LR
88,980,2,2,25,1.3313055386708753e-06,0,LR
89,990,2,2,25,1.6880242926968773e-06,0,LR
90,1000,2,2,25,1.21045578616932e-06,0,LR
0,100,2,2,25,1.4544921428330336e-05,0,LR
1,110,2,2,25,1.3091181563348027e-05,0,LR
2,120,2,2,25,2.621682171515688e-05,0,LR
3,130,2,2,25,2.8326857902955994e-05,0,LR
4,140,2,2,25,1.2427682672337344e-05,0,LR
5,150,2,2,25,1.7775532080181976e-05,0,LR
6,160,2,2,25,1.3440726403477225e-05,0,LR
7,170,2,2,25,8.013987358550762e-06,0,LR
8,180,2,2,25,1.5382824996399805e-05,0,LR
9,190,2,2,25,1.5122942273225993e-05,0,LR
10,200,2,2,25,1.6732059069793055e-05,0,LR
11,210,2,2,25,1.3897999825370686e-05,0,LR
12,220,2,2,25,1.6997195588114562e-05,0,LR
13,230,2,2,25,1.2457545046880912e-05,0,LR
14,240,2,2,25,1.614811416721302e-05,0,LR
15,250,2,2,25,2.9449447197499967e-05,0,LR
16,260,2,2,25,1.4421713160412413e-05,0,LR
17,270,2,2,25,4.859049652146304e-06,0,LR
18,280,2,2,25,2.004236550595123e-05,0,LR
19,290,2,2,25,1.6096800296530424e-05,0,LR
20,300,2,2,25,1.1607459715736794e-05,0,LR
21,310,2,2,25,2.0106499725028505e-05,0,LR
22,320,2,2,25,8.020405105162114e-06,0,LR
23,330,2,2,25,1.2146316884674249e-05,0,LR
24,340,2,2,25,1.1939458262212505e-05,0,LR
25,350,2,2,25,1.8003588734400305e-05,0,LR
26,360,2,2,25,1.7181785259413175e-05,0,LR
27,370,2,2,25,1.838946681529118e-05,0,LR
28,380,2,2,25,1.3481643256157187e-05,0,LR
29,390,2,2,25,1.36462682204791e-05,0,LR
30,400,2,2,25,1.6164043381212e-05,0,LR
31,410,2,2,25,1.2677151523562448e-05,0,LR
32,420,2,2,25,1.4831729986774083e-05,0,LR
33,430,2,2,25,1.2900114820803127e-05,0,LR
34,440,2,2,25,8.924873153366934e-06,0,LR
35,450,2,2,25,9.874143307661598e-06,0,LR
36,460,2,2,25,1.7516052278069734e-05,0,LR
37,470,2,2,25,9.89405762047564e-06,0,LR
38,480,2,2,25,1.4568298404121639e-05,0,LR
39,490,2,2,25,7.932606044883877e-06,0,LR
40,500,2,2,25,2.01775657002513e-05,0,LR
41,510,2,2,25,9.810740344626209e-06,0,LR
42,520,2,2,25,1.1049951989688419e-05,0,LR
43,530,2,2,25,1.4822467115542154e-05,0,LR
44,540,2,2,25,1.9087339396921532e-05,0,LR
45,550,2,2,25,1.1228525815679944e-05,0,LR
46,560,2,2,25,1.784774118687633e-05,0,LR
47,570,2,2,25,1.6038812040710544e-05,0,LR
48,580,2,2,25,1.6216390764438814e-05,0,LR
49,590,2,2,25,1.1561132227610583e-05,0,LR
50,600,2,2,25,1.50384166177033e-05,0,LR
51,610,2,2,25,2.8150925422713676e-05,0,LR
52,620,2,2,25,1.162097450227784e-05,0,LR
53,630,2,2,25,1.4662882286449252e-05,0,LR
54,640,2,2,25,8.851106575362219e-06,0,LR
55,650,2,2,25,9.529598616968691e-06,0,LR
56,660,2,2,25,7.766896089949233e-06,0,LR
57,670,2,2,25,1.841308982826135e-05,0,LR
58,680,2,2,25,6.180413713397136e-06,0,LR
59,690,2,2,25,1.21572138185397e-05,0,LR
60,700,2,2,25,1.180192771240968e-05,0,LR
61,710,2,2,25,1.6527111930097697e-05,0,LR
62,720,2,2,25,1.797457847625394e-05,0,LR
63,730,2,2,25,1.813797379781359e-05,0,LR
64,740,2,2,25,1.381363842234691e-05,0,LR
65,750,2,2,25,4.567973787759397e-06,0,LR
66,760,2,2,25,8.344193695856663e-06,0,LR
67,770,2,2,25,1.1169513892877444e-05,0,LR
68,780,2,2,25,1.1344589861105613e-05,0,LR
69,790,2,2,25,8.882700185785056e-06,0,LR
70,800,2,2,25,1.772143493404501e-05,0,LR
71,810,2,2,25,1.0541191210095954e-05,0,LR
72,820,2,2,25,1.6146318351186115e-05,0,LR
73,830,2,2,25,1.0856876383085264e-05,0,LR
74,840,2,2,25,1.2453563334267916e-05,0,LR
75,850,2,2,25,1.2521784961044523e-05,0,LR
76,860,2,2,25,2.093345517304169e-05,0,LR
77,870,2,2,25,1.2189175103865611e-05,0,LR
78,880,2,2,25,1.1602725156794047e-05,0,LR
79,890,2,2,25,1.575626152972074e-05,0,LR
80,900,2,2,25,1.876331386907636e-05,0,LR
81,910,2,2,25,1.3086189564109125e-05,0,LR
82,920,2,2,25,1.1080491192066461e-05,0,LR
83,930,2,2,25,7.421349946609559e-06,0,LR
84,940,2,2,25,1.4359096678463347e-05,0,LR
85,950,2,2,25,1.4680801659395632e-05,0,LR
86,960,2,2,25,1.1072972500262696e-05,0,LR
87,970,2,2,25,1.2626129570931034e-05,0,LR
88,980,2,2,25,1.0321834147899496e-05,0,LR
89,990,2,2,25,1.448653643207239e-05,0,LR
90,1000,2,2,25,1.445836546320729e-05,0,LR
0,100,2,2,25,6.585488587232385e-07,0,LR
1,110,2,2,25,4.7133345006295424e-07,0,LR
2,120,2,2,25,4.928435003395857e-07,0,LR
3,130,2,2,25,3.809469758693378e-07,0,LR
4,140,2,2,25,3.910522369183165e-07,0,LR
5,150,2,2,25,7.942255069926484e-07,0,LR
6,160,2,2,25,4.4890999270782153e-07,0,LR
7,170,2,2,25,3.9403207480135076e-07,0,LR
8,180,2,2,25,5.873909550433962e-07,0,LR
9,190,2,2,25,4.70358163858187e-07,0,LR
10,200,2,2,25,4.026398924525078e-07,0,LR
11,210,2,2,25,3.699440126671058e-07,0,LR
12,220,2,2,25,6.501817983617684e-07,0,LR
13,230,2,2,25,5.723688456039744e-07,0,LR
14,240,2,2,25,4.4414416133556196e-07,0,LR
15,250,2,2,25,3.945830169535873e-07,0,LR
16,260,2,2,25,5.361594369973491e-07,0,LR
17,270,2,2,25,6.619425208727877e-07,0,LR
18,280,2,2,25,4.841955052373428e-07,0,LR
19,290,2,2,25,6.752504526111048e-07,0,LR
20,300,2,2,25,3.1567952120465527e-07,0,LR
21,310,2,2,25,4.303390287133859e-07,0,LR
22,320,2,2,25,5.384439756008588e-07,0,LR
23,330,2,2,25,4.78133252350998e-07,0,LR
24,340,2,2,25,2.455058598032579e-07,0,LR
25,350,2,2,25,4.506612637492542e-07,0,LR
26,360,2,2,25,6.105088269239671e-07,0,LR
27,370,2,2,25,5.238726843348124e-07,0,LR
28,380,2,2,25,4.129934510163599e-07,0,LR
29,390,2,2,25,5.167821253755557e-07,0,LR
30,400,2,2,25,4.6507481868365276e-07,0,LR
31,410,2,2,25,3.0684006643017377e-07,0,LR
32,420,2,2,25,4.502783922484179e-07,0,LR
33,430,2,2,25,5.425240915149369e-07,0,LR
34,440,2,2,25,4.378479906399064e-07,0,LR
35,450,2,2,25,4.831530359757163e-07,0,LR
36,460,2,2,25,4.542897825392091e-07,0,LR
37,470,2,2,25,5.720376094186677e-07,0,LR
38,480,2,2,25,3.8505364815158514e-07,0,LR
39,490,2,2,25,5.538109111876398e-07,0,LR
40,500,2,2,25,6.820790553101926e-07,0,LR
41,510,2,2,25,5.809172098237097e-07,0,LR
42,520,2,2,25,4.980196618521983e-07,0,LR
43,530,2,2,25,4.237696265918322e-07,0,LR
44,540,2,2,25,4.226957053708466e-07,0,LR
45,550,2,2,25,5.017301551485873e-07,0,LR
46,560,2,2,25,5.577201860655831e-07,0,LR
47,570,2,2,25,4.775223292799239e-07,0,LR
48,580,2,2,25,7.384941531087196e-07,0,LR
49,590,2,2,25,3.5424942431396913e-07,0,LR
50,600,2,2,25,5.150294450142965e-07,0,LR
51,610,2,2,25,3.9475454974247244e-07,0,LR
52,620,2,2,25,4.6976632742557833e-07,0,LR
53,630,2,2,25,3.5006732983772174e-07,0,LR
54,640,2,2,25,4.366580605246796e-07,0,LR
55,650,2,2,25,4.967370462279355e-07,0,LR
56,660,2,2,25,4.872310858092089e-07,0,LR
57,670,2,2,25,4.2673421352705306e-07,0,LR
58,680,2,2,25,4.2665871312341776e-07,0,LR
59,690,2,2,25,4.779145447109718e-07,0,LR
60,700,2,2,25,5.078241271329702e-07,0,LR
61,710,2,2,25,4.754054148458434e-07,0,LR
62,720,2,2,25,3.3656977410480077e-07,0,LR
63,730,2,2,25,5.143097120828811e-07,0,LR
64,740,2,2,25,5.975129989825304e-07,0,LR
65,750,2,2,25,5.008949202102e-07,0,LR
66,760,2,2,25,4.5811529213378864e-07,0,LR
67,770,2,2,25,6.564817893886309e-07,0,LR
68,780,2,2,25,5.866190021056066e-07,0,LR
69,790,2,2,25,4.952334753919572e-07,0,LR
70,800,2,2,25,3.62439195993182e-07,0,LR
71,810,2,2,25,5.335121383007234e-07,0,LR
72,820,2,2,25,3.3244270565334875e-07,0,LR
73,830,2,2,25,6.175232614252768e-07,0,LR
74,840,2,2,25,5.05458325651518e-07,0,LR
75,850,2,2,25,4.711343345910518e-07,0,LR
76,860,2,2,25,4.442865053111165e-07,0,LR
77,870,2,2,25,5.359700565423377e-07,0,LR
78,880,2,2,25,4.940926826399251e-07,0,LR
79,890,2,2,25,3.550376281262959e-07,0,LR
80,900,2,2,25,3.409523506021386e-07,0,LR
81,910,2,2,25,4.2073557561371993e-07,0,LR
82,920,2,2,25,5.702908188932526e-07,0,LR
83,930,2,2,25,3.845824871458765e-07,0,LR
84,940,2,2,25,5.104080658148048e-07,0,LR
85,950,2,2,25,5.52331524823852e-07,0,LR
86,960,2,2,25,4.764570659555102e-07,0,LR
87,970,2,2,25,4.032467871292429e-07,0,LR
88,980,2,2,25,6.283676984557918e-07,0,LR
89,990,2,2,25,6.19134252779124e-07,0,LR
90,1000,2,2,25,5.077073594628477e-07,0,LR
0,100,2,2,25,9.97450573594088e-07,0,LR
1,110,2,2,25,9.601683948660093e-07,0,LR
2,120,2,2,25,8.033200253256208e-07,0,LR
3,130,2,2,25,9.9242810473662e-07,0,LR
4,140,2,2,25,5.930189903609233e-07,0,LR
5,150,2,2,25,7.365259831780376e-07,0,LR
6,160,2,2,25,8.156575306304701e-07,0,LR
7,170,2,2,25,5.832498747196848e-07,0,LR
8,180,2,2,25,1.0855443542572056e-06,0,LR
9,190,2,2,25,4.807082743551084e-07,0,LR
10,200,2,2,25,9.064135864585113e-07,0,LR
11,210,2,2,25,4.211866990762109e-07,0,LR
12,220,2,2,25,2.5225660744829694e-07,0,LR
13,230,2,2,25,5.625821510506232e-07,0,LR
14,240,2,2,25,1.1669542930727763e-06,0,LR
15,250,2,2,25,9.298612596917058e-07,0,LR
16,260,2,2,25,1.1035755764239724e-06,0,LR
17,270,2,2,25,6.830953318431468e-07,0,LR
18,280,2,2,25,3.200576492508707e-07,0,LR
19,290,2,2,25,1.3057203050855812e-06,0,LR
20,300,2,2,25,3.5601553593117305e-07,0,LR
21,310,2,2,25,1.3348039583138213e-06,0,LR
22,320,2,2,25,8.051845182569215e-07,0,LR
23,330,2,2,25,7.047684958671962e-07,0,LR
24,340,2,2,25,4.466482555837359e-07,0,LR
25,350,2,2,25,1.076217324499891e-06,0,LR
26,360,2,2,25,6.235298579459953e-07,0,LR
27,370,2,2,25,6.187208467253681e-07,0,LR
28,380,2,2,25,8.47371575064298e-07,0,LR
29,390,2,2,25,7.098385464378129e-07,0,LR
30,400,2,2,25,4.865168454926431e-07,0,LR
31,410,2,2,25,4.154600012089379e-07,0,LR
32,420,2,2,25,7.185652816019219e-07,0,LR
33,430,2,2,25,7.63663292265188e-07,0,LR
34,440,2,2,25,4.419092007035615e-07,0,LR
35,450,2,2,25,3.357785431544626e-07,0,LR
36,460,2,2,25,9.447242679147368e-07,0,LR
37,470,2,2,25,4.985630885029129e-07,0,LR
38,480,2,2,25,5.742534763981367e-07,0,LR
39,490,2,2,25,5.760466844077106e-07,0,LR
40,500,2,2,25,7.722432000163641e-07,0,LR
41,510,2,2,25,8.552120526306162e-07,0,LR
42,520,2,2,25,7.134836740087984e-07,0,LR
43,530,2,2,25,8.546949019385069e-07,0,LR
44,540,2,2,25,5.205779220419662e-07,0,LR
45,550,2,2,25,5.178196138026262e-07,0,LR
46,560,2,2,25,5.480437901382827e-07,0,LR
47,570,2,2,25,7.454819635595177e-07,0,LR
48,580,2,2,25,8.195356503200314e-07,0,LR
49,590,2,2,25,4.920279951597178e-07,0,LR
50,600,2,2,25,5.662495672618701e-07,0,LR
51,610,2,2,25,9.031417541244105e-07,0,LR
52,620,2,2,25,1.0246420067152353e-06,0,LR
53,630,2,2,25,3.1493049844009697e-07,0,LR
54,640,2,2,25,4.61792209949638e-07,0,LR
55,650,2,2,25,2.8966995578295064e-07,0,LR
56,660,2,2,25,4.910174109860532e-07,0,LR
57,670,2,2,25,3.727245500746381e-07,0,LR
58,680,2,2,25,5.132729258300093e-07,0,LR
59,690,2,2,25,6.895310366190647e-07,0,LR
60,700,2,2,25,1.0780473428927572e-06,0,LR
61,710,2,2,25,7.900060485372409e-07,0,LR
62,720,2,2,25,5.017515333289675e-07,0,LR
63,730,2,2,25,4.2477973210324226e-07,0,LR
64,740,2,2,25,9.745994596879752e-07,0,LR
65,750,2,2,25,5.677559455934797e-07,0,LR
66,760,2,2,25,4.3824618246421357e-07,0,LR
67,770,2,2,25,7.585065589844152e-07,0,LR
68,780,2,2,25,4.415366587991566e-07,0,LR
69,790,2,2,25,7.472070911882742e-07,0,LR
70,800,2,2,25,1.2563333180515467e-06,0,LR
71,810,2,2,25,1.0566440486665987e-06,0,LR
72,820,2,2,25,7.49535317928329e-07,0,LR
73,830,2,2,25,8.700785599452858e-07,0,LR
74,840,2,2,25,8.495440992525419e-07,0,LR
75,850,2,2,25,5.345185883089652e-07,0,LR
76,860,2,2,25,1.0028613168171857e-06,0,LR
77,870,2,2,25,9.617357727749238e-07,0,LR
78,880,2,2,25,4.3997239020175835e-07,0,LR
79,890,2,2,25,7.593018929861496e-07,0,LR
80,900,2,2,25,7.584362311070416e-07,0,LR
81,910,2,2,25,4.744617809177618e-07,0,LR
82,920,2,2,25,1.129706259986325e-06,0,LR
83,930,2,2,25,6.52523995809388e-07,0,LR
84,940,2,2,25,5.406783563549961e-07,0,LR
85,950,2,2,25,6.81590118013056e-07,0,LR
86,960,2,2,25,4.404564131631975e-07,0,LR
87,970,2,2,25,7.669416537910247e-07,0,LR
88,980,2,2,25,5.483606911356543e-07,0,LR
89,990,2,2,25,9.188315264541044e-07,0,LR
90,1000,2,2,25,7.467600369190945e-07,0,LR
0,100,2,2,25,6.365688248208137e-07,0,LR
1,110,2,2,25,5.417722748853084e-07,0,LR
2,120,2,2,25,5.996558508092781e-07,0,LR
3,130,2,2,25,1.0315238733008478e-06,0,LR
4,140,2,2,25,5.196463423549183e-07,0,LR
5,150,2,2,25,6.268108120213749e-07,0,LR
6,160,2,2,25,5.417590057652849e-07,0,LR
7,170,2,2,25,7.709912595489679e-07,0,LR
8,180,2,2,25,4.925452849707359e-07,0,LR
9,190,2,2,25,7.236687223952962e-07,0,LR
10,200,2,2,25,3.966655701180677e-07,0,LR
11,210,2,2,25,8.894185107318863e-07,0,LR
12,220,2,2,25,2.6250529190413615e-07,0,LR
13,230,2,2,25,4.056632627741649e-07,0,LR
14,240,2,2,25,9.838253296117669e-07,0,LR
15,250,2,2,25,5.53478290109865e-07,0,LR
16,260,2,2,25,1.0092295483956769e-06,0,LR
17,270,2,2,25,7.974180820649528e-07,0,LR
18,280,2,2,25,4.283359057957027e-07,0,LR
19,290,2,2,25,4.5504965397804147e-07,0,LR
20,300,2,2,25,4.0293530173429893e-07,0,LR
21,310,2,2,25,6.348946024856224e-07,0,LR
22,320,2,2,25,4.971089665125104e-07,0,LR
23,330,2,2,25,9.85095264956219e-07,0,LR
24,340,2,2,25,5.722272382664573e-07,0,LR
25,350,2,2,25,9.922221560090701e-07,0,LR
26,360,2,2,25,9.051449251223158e-07,0,LR
27,370,2,2,25,9.065492574204821e-07,0,LR
28,380,2,2,25,6.506577545986565e-07,0,LR
29,390,2,2,25,4.548892190627393e-07,0,LR
30,400,2,2,25,4.4320725213438717e-07,0,LR
31,410,2,2,25,6.934171183400732e-07,0,LR
32,420,2,2,25,5.622596020218355e-07,0,LR
33,430,2,2,25,1.139735895924951e-06,0,LR
34,440,2,2,25,7.963811241157798e-07,0,LR
35,450,2,2,25,7.206496095993513e-07,0,LR
36,460,2,2,25,4.7139866067439165e-07,0,LR
37,470,2,2,25,5.606858343873897e-07,0,LR
38,480,2,2,25,6.726620135511498e-07,0,LR
39,490,2,2,25,4.939841813191017e-07,0,LR
40,500,2,2,25,6.092015283277238e-07,0,LR
41,510,2,2,25,5.575159900305087e-07,0,LR
42,520,2,2,25,3.951438760724883e-07,0,LR
43,530,2,2,25,6.479382312104907e-07,0,LR
44,540,2,2,25,9.70821976089897e-07,0,LR
45,550,2,2,25,8.275823267192966e-07,0,LR
46,560,2,2,25,1.2135204270830043e-06,0,LR
47,570,2,2,25,5.871157426437585e-07,0,LR
48,580,2,2,25,7.797106282995107e-07,0,LR
49,590,2,2,25,7.563815284333406e-07,0,LR
50,600,2,2,25,3.2352583610874635e-07,0,LR
51,610,2,2,25,6.884518108946789e-07,0,LR
52,620,2,2,25,7.616308796826979e-07,0,LR
53,630,2,2,25,6.943453823150553e-07,0,LR
54,640,2,2,25,6.715543248957279e-07,0,LR
55,650,2,2,25,1.0280714761115466e-06,0,LR
56,660,2,2,25,5.929545894914285e-07,0,LR
57,670,2,2,25,5.10445254071051e-07,0,LR
58,680,2,2,25,2.900289055546077e-07,0,LR
59,690,2,2,25,7.561425878837256e-07,0,LR
60,700,2,2,25,7.205124643126053e-07,0,LR
61,710,2,2,25,7.702439780151219e-07,0,LR
62,720,2,2,25,5.739248478893165e-07,0,LR
63,730,2,2,25,6.64958835533965e-07,0,LR
64,740,2,2,25,6.424122635000748e-07,0,LR
65,750,2,2,25,8.719539449696316e-07,0,LR
66,760,2,2,25,6.353027329268264e-07,0,LR
67,770,2,2,25,6.453933896565021e-07,0,LR
68,780,2,2,25,5.466077917195629e-07,0,LR
69,790,2,2,25,5.675659603253552e-07,0,LR
70,800,2,2,25,4.193070574316914e-07,0,LR
71,810,2,2,25,7.357570537561771e-07,0,LR
72,820,2,2,25,3.5712975685495454e-07,0,LR
73,830,2,2,25,9.640258726672814e-07,0,LR
74,840,2,2,25,8.189122652395386e-07,0,LR
75,850,2,2,25,4.6151600612069863e-07,0,LR
76,860,2,2,25,8.044816650350259e-07,0,LR
77,870,2,2,25,6.77868140698783e-07,0,LR
78,880,2,2,25,6.30133624344309e-07,0,LR
79,890,2,2,25,6.68368688003907e-07,0,LR
80,900,2,2,25,4.345853473341804e-07,0,LR
81,910,2,2,25,2.320066571288598e-07,0,LR
82,920,2,2,25,7.721121021816489e-07,0,LR
83,930,2,2,25,4.6342045092269776e-07,0,LR
84,940,2,2,25,7.259184823182069e-07,0,LR
85,950,2,2,25,7.085182743746015e-07,0,LR
86,960,2,2,25,6.318371475452108e-07,0,LR
87,970,2,2,25,5.798915030863828e-07,0,LR
88,980,2,2,25,8.301166796585881e-07,0,LR
89,990,2,2,25,6.60975269302783e-07,0,LR
90,1000,2,2,25,7.304664321681494e-07,0,LR
0,100,2,2,25,8.701951526648597e-07,0,LR
1,110,2,2,25,8.387578149085353e-07,0,LR
2,120,2,2,25,1.0377119138073342e-06,0,LR
3,130,2,2,25,8.88350666018925e-07,0,LR
4,140,2,2,25,9.359808305422497e-07,0,LR
5,150,2,2,25,1.0464283808906933e-06,0,LR
6,160,2,2,25,1.1918642789235314e-06,0,LR
7,170,2,2,25,1.010070043591996e-06,0,LR
8,180,2,2,25,9.678149945893215e-07,0,LR
9,190,2,2,25,1.0514432275206377e-06,0,LR
10,200,2,2,25,7.340118772115171e-07,0,LR
11,210,2,2,25,1.2401723315992012e-06,0,LR
12,220,2,2,25,6.756438546789427e-07,0,LR
13,230,2,2,25,7.099620246978473e-07,0,LR
14,240,2,2,25,7.38261490592323e-07,0,LR
15,250,2,2,25,1.0002616528875971e-06,0,LR
16,260,2,2,25,7.981204363964501e-07,0,LR
17,270,2,2,25,1.0077749834435235e-06,0,LR
18,280,2,2,25,7.063915500030843e-07,0,LR
19,290,2,2,25,1.2361273280602252e-06,0,LR
20,300,2,2,25,8.363968167273788e-07,0,LR
21,310,2,2,25,7.1138526504364e-07,0,LR
22,320,2,2,25,1.0209978474146014e-06,0,LR
23,330,2,2,25,6.178201188526163e-07,0,LR
24,340,2,2,25,7.442793395859579e-07,0,LR
25,350,2,2,25,6.359056262968104e-07,0,LR
26,360,2,2,25,8.712354852388042e-07,0,LR
27,370,2,2,25,8.449115490265317e-07,0,LR
28,380,2,2,25,9.978715171668108e-07,0,LR
29,390,2,2,25,7.385698719000441e-07,0,LR
30,400,2,2,25,1.1242958459632806e-06,0,LR
31,410,2,2,25,9.038831748333942e-07,0,LR
32,420,2,2,25,6.765890785238111e-07,0,LR
33,430,2,2,25,5.557675486635488e-07,0,LR
34,440,2,2,25,1.1870875889315847e-06,0,LR
35,450,2,2,25,7.726387594693637e-07,0,LR
36,460,2,2,25,5.235187150454978e-07,0,LR
37,470,2,2,25,9.090910785746892e-07,0,LR
38,480,2,2,25,5.254819759975291e-07,0,LR
39,490,2,2,25,1.2140290403519183e-06,0,LR
40,500,2,2,25,6.887171459248854e-07,0,LR
41,510,2,2,25,6.919556618886618e-07,0,LR
42,520,2,2,25,1.463584583964278e-06,0,LR
43,530,2,2,25,9.058379240861202e-07,0,LR
44,540,2,2,25,4.451145510467753e-07,0,LR
45,550,2,2,25,7.672451759029919e-07,0,LR
46,560,2,2,25,8.035533187109375e-07,0,LR
47,570,2,2,25,7.771751465862449e-07,0,LR
48,580,2,2,25,4.1985220553057413e-07,0,LR
49,590,2,2,25,7.33777210140441e-07,0,LR
50,600,2,2,25,6.647685616271983e-07,0,LR
51,610,2,2,25,9.5379555718581e-07,0,LR
52,620,2,2,25,5.784146622041877e-07,0,LR
53,630,2,2,25,8.326125679803921e-07,0,LR
54,640,2,2,25,5.734716704787523e-07,0,LR
55,650,2,2,25,1.0246218287097318e-06,0,LR
56,660,2,2,25,8.00886912544914e-07,0,LR
57,670,2,2,25,8.376309622947648e-07,0,LR
58,680,2,2,25,5.60703530374803e-07,0,LR
59,690,2,2,25,9.271628503041092e-07,0,LR
60,700,2,2,25,1.0040667313776977e-06,0,LR
61,710,2,2,25,6.089362046320303e-07,0,LR
62,720,2,2,25,1.0607050889255166e-06,0,LR
63,730,2,2,25,9.526785630138999e-07,0,LR
64,740,2,2,25,8.510487012100521e-07,0,LR
65,750,2,2,25,7.714670583764962e-07,0,LR
66,760,2,2,25,8.534468990377495e-07,0,LR
67,770,2,2,25,5.806636105243648e-07,0,LR
68,780,2,2,25,1.0077710926965286e-06,0,LR
69,790,2,2,25,8.115522524457235e-07,0,LR
70,800,2,2,25,8.589211490900913e-07,0,LR
71,810,2,2,25,1.0593358141161423e-06,0,LR
72,820,2,2,25,7.395178612881689e-07,0,LR
73,830,2,2,25,1.0389325630547058e-06,0,LR
74,840,2,2,25,7.601777512668554e-07,0,LR
75,850,2,2,25,8.34425893782418e-07,0,LR
76,860,2,2,25,8.852279339453534e-07,0,LR
77,870,2,2,25,5.156795795827156e-07,0,LR
78,880,2,2,25,1.3145387682341238e-06,0,LR
79,890,2,2,25,7.879211750495614e-07,0,LR
80,900,2,2,25,6.00695344828664e-07,0,LR
81,910,2,2,25,8.597183453151576e-07,0,LR
82,920,2,2,25,1.0983814679114936e-06,0,LR
83,930,2,2,25,7.084459115988955e-07,0,LR
84,940,2,2,25,8.228589002912038e-07,0,LR
85,950,2,2,25,5.951999053505847e-07,0,LR
86,960,2,2,25,7.509146518412352e-07,0,LR
87,970,2,2,25,6.85174364438206e-07,0,LR
88,980,2,2,25,1.041930251787504e-06,0,LR
89,990,2,2,25,8.443371049362018e-07,0,LR
90,1000,2,2,25,9.343095757421757e-07,0,LR
