,Unnamed: 0.12,Unnamed: 0.11,Unnamed: 0.10,Unnamed: 0.9,Unnamed: 0.8,Unnamed: 0.7,Unnamed: 0.6,Unnamed: 0.5,Unnamed: 0.4,Unnamed: 0.3,Unnamed: 0.2,Unnamed: 0.1,Unnamed: 0,rep,n,latent_dim,embed_dim,timesteps,control_horizons,loss,total_cost,id
0,0.0,0.0,0.0,0.0,0.0,0.0,0.0,0.0,0.0,0.0,0.0,0.0,0.0,0,11,10,10,50,0,19066331480.22265,0,LR (TLN)
1,1.0,1.0,1.0,1.0,1.0,1.0,1.0,1.0,1.0,1.0,1.0,1.0,1.0,0,50,10,10,50,0,249463.30508414307,0,LR (TLN)
2,2.0,2.0,2.0,2.0,2.0,2.0,2.0,2.0,2.0,2.0,2.0,2.0,2.0,0,100,10,10,50,0,0.1811131677288361,0,LR (TLN)
3,3.0,3.0,3.0,3.0,3.0,3.0,3.0,3.0,3.0,3.0,3.0,3.0,0.0,1,11,10,10,50,0,4.526039912307803e+19,0,LR (TLN)
4,4.0,4.0,4.0,4.0,4.0,4.0,4.0,4.0,4.0,4.0,4.0,4.0,1.0,1,50,10,10,50,0,104.7097534474508,0,LR (TLN)
5,5.0,5.0,5.0,5.0,5.0,5.0,5.0,5.0,5.0,5.0,5.0,5.0,2.0,1,100,10,10,50,0,2.6657830916160053e+19,0,LR (TLN)
6,6.0,6.0,6.0,6.0,6.0,6.0,6.0,6.0,6.0,6.0,6.0,6.0,0.0,2,11,10,10,50,0,2.226595682160201e+33,0,LR (TLN)
7,7.0,7.0,7.0,7.0,7.0,7.0,7.0,7.0,7.0,7.0,7.0,7.0,1.0,2,50,10,10,50,0,2571288522739.874,0,LR (TLN)
8,8.0,8.0,8.0,8.0,8.0,8.0,8.0,8.0,8.0,8.0,8.0,8.0,2.0,2,100,10,10,50,0,32.03586731011884,0,LR (TLN)
9,9.0,9.0,9.0,9.0,9.0,9.0,9.0,9.0,9.0,9.0,9.0,9.0,0.0,3,11,10,10,50,0,211041.3596772838,0,LR (TLN)
10,10.0,10.0,10.0,10.0,10.0,10.0,10.0,10.0,10.0,10.0,10.0,10.0,1.0,3,50,10,10,50,0,12.232342525973865,0,LR (TLN)
11,11.0,11.0,11.0,11.0,11.0,11.0,11.0,11.0,11.0,11.0,11.0,11.0,2.0,3,100,10,10,50,0,2.5582658355220748e+29,0,LR (TLN)
12,12.0,12.0,12.0,12.0,12.0,12.0,12.0,12.0,12.0,12.0,12.0,12.0,0.0,4,11,10,10,50,0,11.830335418816473,0,LR (TLN)
13,13.0,13.0,13.0,13.0,13.0,13.0,13.0,13.0,13.0,13.0,13.0,13.0,1.0,4,50,10,10,50,0,113.3093215151082,0,LR (TLN)
14,14.0,14.0,14.0,14.0,14.0,14.0,14.0,14.0,14.0,14.0,14.0,14.0,2.0,4,100,10,10,50,0,27388270393.69181,0,LR (TLN)
15,15.0,15.0,15.0,15.0,15.0,15.0,15.0,15.0,15.0,15.0,15.0,15.0,0.0,5,11,10,10,50,0,121.65807180755571,0,LR (TLN)
16,16.0,16.0,16.0,16.0,16.0,16.0,16.0,16.0,16.0,16.0,16.0,16.0,1.0,5,50,10,10,50,0,7.056396363886595e+300,0,LR (TLN)
17,17.0,17.0,17.0,17.0,17.0,17.0,17.0,17.0,17.0,17.0,17.0,17.0,2.0,5,100,10,10,50,0,1.6403523799966372e+16,0,LR (TLN)
18,18.0,18.0,18.0,18.0,18.0,18.0,18.0,18.0,18.0,18.0,18.0,18.0,0.0,6,11,10,10,50,0,1.9684564246660686e+82,0,LR (TLN)
19,19.0,19.0,19.0,19.0,19.0,19.0,19.0,19.0,19.0,19.0,19.0,19.0,1.0,6,50,10,10,50,0,2.080136652834552e+17,0,LR (TLN)
20,20.0,20.0,20.0,20.0,20.0,20.0,20.0,20.0,20.0,20.0,20.0,20.0,2.0,6,100,10,10,50,0,19.55998584292036,0,LR (TLN)
21,21.0,21.0,21.0,21.0,21.0,21.0,21.0,21.0,21.0,21.0,21.0,21.0,0.0,7,11,10,10,50,0,11741512007.805824,0,LR (TLN)
22,22.0,22.0,22.0,22.0,22.0,22.0,22.0,22.0,22.0,22.0,22.0,22.0,1.0,7,50,10,10,50,0,8.829549478499667,0,LR (TLN)
23,23.0,23.0,23.0,23.0,23.0,23.0,23.0,23.0,23.0,23.0,23.0,23.0,2.0,7,100,10,10,50,0,255160213.4831029,0,LR (TLN)
24,24.0,24.0,24.0,24.0,24.0,24.0,24.0,24.0,24.0,24.0,24.0,24.0,0.0,8,11,10,10,50,0,0.3505298223624925,0,LR (TLN)
25,25.0,25.0,25.0,25.0,25.0,25.0,25.0,25.0,25.0,25.0,25.0,25.0,1.0,8,50,10,10,50,0,2123.0494677720944,0,LR (TLN)
26,26.0,26.0,26.0,26.0,26.0,26.0,26.0,26.0,26.0,26.0,26.0,26.0,2.0,8,100,10,10,50,0,3.998826476218175e+19,0,LR (TLN)
27,27.0,27.0,27.0,27.0,27.0,27.0,27.0,27.0,27.0,27.0,27.0,27.0,0.0,9,11,10,10,50,0,40.721248525375856,0,LR (TLN)
28,28.0,28.0,28.0,28.0,28.0,28.0,28.0,28.0,28.0,28.0,28.0,28.0,1.0,9,50,10,10,50,0,2284815058.74529,0,LR (TLN)
29,29.0,29.0,29.0,29.0,29.0,29.0,29.0,29.0,29.0,29.0,29.0,29.0,2.0,9,100,10,10,50,0,1.1006849363547838e+25,0,LR (TLN)
30,30.0,30.0,30.0,30.0,30.0,30.0,30.0,30.0,30.0,30.0,30.0,0.0,,0,11,10,10,50,0,41988.69554589354,0,LR (TLN)
31,31.0,31.0,31.0,31.0,31.0,31.0,31.0,31.0,31.0,31.0,31.0,1.0,,0,50,10,10,50,0,1.4753636754931083e+21,0,LR (TLN)
32,32.0,32.0,32.0,32.0,32.0,32.0,32.0,32.0,32.0,32.0,32.0,2.0,,0,100,10,10,50,0,inf,0,LR (TLN)
33,33.0,33.0,33.0,33.0,33.0,33.0,33.0,33.0,33.0,33.0,33.0,0.0,,1,11,10,10,50,0,152.1654385232269,0,LR (TLN)
34,34.0,34.0,34.0,34.0,34.0,34.0,34.0,34.0,34.0,34.0,34.0,1.0,,1,50,10,10,50,0,817735.3649455749,0,LR (TLN)
35,35.0,35.0,35.0,35.0,35.0,35.0,35.0,35.0,35.0,35.0,35.0,2.0,,1,100,10,10,50,0,103941.07452591335,0,LR (TLN)
36,36.0,36.0,36.0,36.0,36.0,36.0,36.0,36.0,36.0,36.0,36.0,0.0,,2,11,10,10,50,0,1388.6417392187864,0,LR (TLN)
37,37.0,37.0,37.0,37.0,37.0,37.0,37.0,37.0,37.0,37.0,37.0,1.0,,2,50,10,10,50,0,3.1449300922536763e+21,0,LR (TLN)
38,38.0,38.0,38.0,38.0,38.0,38.0,38.0,38.0,38.0,38.0,38.0,2.0,,2,100,10,10,50,0,3.867637492891253,0,LR (TLN)
39,39.0,39.0,39.0,39.0,39.0,39.0,39.0,39.0,39.0,39.0,39.0,0.0,,3,11,10,10,50,0,36840788261299.88,0,LR (TLN)
40,40.0,40.0,40.0,40.0,40.0,40.0,40.0,40.0,40.0,40.0,40.0,1.0,,3,50,10,10,50,0,6.04552610046064,0,LR (TLN)
41,41.0,41.0,41.0,41.0,41.0,41.0,41.0,41.0,41.0,41.0,41.0,2.0,,3,100,10,10,50,0,0.2027578131082986,0,LR (TLN)
42,42.0,42.0,42.0,42.0,42.0,42.0,42.0,42.0,42.0,42.0,42.0,0.0,,4,11,10,10,50,0,4.617548589416092,0,LR (TLN)
43,43.0,43.0,43.0,43.0,43.0,43.0,43.0,43.0,43.0,43.0,43.0,1.0,,4,50,10,10,50,0,356889.4629606673,0,LR (TLN)
44,44.0,44.0,44.0,44.0,44.0,44.0,44.0,44.0,44.0,44.0,44.0,2.0,,4,100,10,10,50,0,6.553154376082594e+20,0,LR (TLN)
45,45.0,45.0,45.0,45.0,45.0,45.0,45.0,45.0,45.0,45.0,45.0,0.0,,5,11,10,10,50,0,150.74198835337808,0,LR (TLN)
46,46.0,46.0,46.0,46.0,46.0,46.0,46.0,46.0,46.0,46.0,46.0,1.0,,5,50,10,10,50,0,10856.705629554755,0,LR (TLN)
47,47.0,47.0,47.0,47.0,47.0,47.0,47.0,47.0,47.0,47.0,47.0,2.0,,5,100,10,10,50,0,6.467310895382973e+17,0,LR (TLN)
48,48.0,48.0,48.0,48.0,48.0,48.0,48.0,48.0,48.0,48.0,48.0,0.0,,6,11,10,10,50,0,127464473.78982942,0,LR (TLN)
49,49.0,49.0,49.0,49.0,49.0,49.0,49.0,49.0,49.0,49.0,49.0,1.0,,6,50,10,10,50,0,393.941103186109,0,LR (TLN)
50,50.0,50.0,50.0,50.0,50.0,50.0,50.0,50.0,50.0,50.0,50.0,2.0,,6,100,10,10,50,0,8.751701537310171e+109,0,LR (TLN)
51,51.0,51.0,51.0,51.0,51.0,51.0,51.0,51.0,51.0,51.0,51.0,0.0,,7,11,10,10,50,0,213377.2680164383,0,LR (TLN)
52,52.0,52.0,52.0,52.0,52.0,52.0,52.0,52.0,52.0,52.0,52.0,1.0,,7,50,10,10,50,0,inf,0,LR (TLN)
53,53.0,53.0,53.0,53.0,53.0,53.0,53.0,53.0,53.0,53.0,53.0,2.0,,7,100,10,10,50,0,68527.44497364586,0,LR (TLN)
54,54.0,54.0,54.0,54.0,54.0,54.0,54.0,54.0,54.0,54.0,54.0,0.0,,8,11,10,10,50,0,336723.69890412985,0,LR (TLN)
55,55.0,55.0,55.0,55.0,55.0,55.0,55.0,55.0,55.0,55.0,55.0,1.0,,8,50,10,10,50,0,7.573384489406865e+26,0,LR (TLN)
56,56.0,56.0,56.0,56.0,56.0,56.0,56.0,56.0,56.0,56.0,56.0,2.0,,8,100,10,10,50,0,0.8236772240442989,0,LR (TLN)
57,57.0,57.0,57.0,57.0,57.0,57.0,57.0,57.0,57.0,57.0,57.0,0.0,,9,11,10,10,50,0,2.791755411428114,0,LR (TLN)
58,58.0,58.0,58.0,58.0,58.0,58.0,58.0,58.0,58.0,58.0,58.0,1.0,,9,50,10,10,50,0,600889.555582594,0,LR (TLN)
59,59.0,59.0,59.0,59.0,59.0,59.0,59.0,59.0,59.0,59.0,59.0,2.0,,9,100,10,10,50,0,12823.485615064008,0,LR (TLN)
60,60.0,60.0,60.0,60.0,60.0,60.0,60.0,60.0,60.0,60.0,60.0,0.0,,10,11,10,10,50,0,3.5530208729450225e+30,0,LR (TLN)
61,61.0,61.0,61.0,61.0,61.0,61.0,61.0,61.0,61.0,61.0,61.0,1.0,,10,50,10,10,50,0,2.0302415750097063e+37,0,LR (TLN)
62,62.0,62.0,62.0,62.0,62.0,62.0,62.0,62.0,62.0,62.0,62.0,2.0,,10,100,10,10,50,0,2.3885070959932066e+66,0,LR (TLN)
63,63.0,63.0,63.0,63.0,63.0,63.0,63.0,63.0,63.0,63.0,63.0,0.0,,11,11,10,10,50,0,10812420.645801803,0,LR (TLN)
64,64.0,64.0,64.0,64.0,64.0,64.0,64.0,64.0,64.0,64.0,64.0,1.0,,11,50,10,10,50,0,129246265697.86664,0,LR (TLN)
65,65.0,65.0,65.0,65.0,65.0,65.0,65.0,65.0,65.0,65.0,65.0,2.0,,11,100,10,10,50,0,14810.50213428436,0,LR (TLN)
66,66.0,66.0,66.0,66.0,66.0,66.0,66.0,66.0,66.0,66.0,66.0,0.0,,12,11,10,10,50,0,4.933197026102881e+164,0,LR (TLN)
67,67.0,67.0,67.0,67.0,67.0,67.0,67.0,67.0,67.0,67.0,67.0,1.0,,12,50,10,10,50,0,1.1656200589007694e+23,0,LR (TLN)
68,68.0,68.0,68.0,68.0,68.0,68.0,68.0,68.0,68.0,68.0,68.0,2.0,,12,100,10,10,50,0,2.474050973334103e+18,0,LR (TLN)
69,69.0,69.0,69.0,69.0,69.0,69.0,69.0,69.0,69.0,69.0,69.0,0.0,,13,11,10,10,50,0,47540143.691886455,0,LR (TLN)
70,70.0,70.0,70.0,70.0,70.0,70.0,70.0,70.0,70.0,70.0,70.0,1.0,,13,50,10,10,50,0,1.0381695896414508e+34,0,LR (TLN)
71,71.0,71.0,71.0,71.0,71.0,71.0,71.0,71.0,71.0,71.0,71.0,2.0,,13,100,10,10,50,0,1.1581717981144437e+23,0,LR (TLN)
72,72.0,72.0,72.0,72.0,72.0,72.0,72.0,72.0,72.0,72.0,72.0,0.0,,14,11,10,10,50,0,1056.1722140829822,0,LR (TLN)
73,73.0,73.0,73.0,73.0,73.0,73.0,73.0,73.0,73.0,73.0,73.0,1.0,,14,50,10,10,50,0,17257.404435217904,0,LR (TLN)
74,74.0,74.0,74.0,74.0,74.0,74.0,74.0,74.0,74.0,74.0,74.0,2.0,,14,100,10,10,50,0,84790.58212670298,0,LR (TLN)
75,75.0,75.0,75.0,75.0,75.0,75.0,75.0,75.0,75.0,75.0,75.0,0.0,,15,11,10,10,50,0,725.6266690454404,0,LR (TLN)
76,76.0,76.0,76.0,76.0,76.0,76.0,76.0,76.0,76.0,76.0,76.0,1.0,,15,50,10,10,50,0,40141986276.99475,0,LR (TLN)
77,77.0,77.0,77.0,77.0,77.0,77.0,77.0,77.0,77.0,77.0,77.0,2.0,,15,100,10,10,50,0,1859499.129368885,0,LR (TLN)
78,78.0,78.0,78.0,78.0,78.0,78.0,78.0,78.0,78.0,78.0,78.0,0.0,,16,11,10,10,50,0,27.867399661964143,0,LR (TLN)
79,79.0,79.0,79.0,79.0,79.0,79.0,79.0,79.0,79.0,79.0,79.0,1.0,,16,50,10,10,50,0,6.981449837787629e+84,0,LR (TLN)
80,80.0,80.0,80.0,80.0,80.0,80.0,80.0,80.0,80.0,80.0,80.0,2.0,,16,100,10,10,50,0,1059882353.3415436,0,LR (TLN)
81,81.0,81.0,81.0,81.0,81.0,81.0,81.0,81.0,81.0,81.0,81.0,0.0,,17,11,10,10,50,0,67070771588.18351,0,LR (TLN)
82,82.0,82.0,82.0,82.0,82.0,82.0,82.0,82.0,82.0,82.0,82.0,1.0,,17,50,10,10,50,0,673048710.6512282,0,LR (TLN)
83,83.0,83.0,83.0,83.0,83.0,83.0,83.0,83.0,83.0,83.0,83.0,2.0,,17,100,10,10,50,0,1.099453061453246e+16,0,LR (TLN)
84,84.0,84.0,84.0,84.0,84.0,84.0,84.0,84.0,84.0,84.0,84.0,0.0,,18,11,10,10,50,0,448542909.7055167,0,LR (TLN)
85,85.0,85.0,85.0,85.0,85.0,85.0,85.0,85.0,85.0,85.0,85.0,1.0,,18,50,10,10,50,0,7559742.846054094,0,LR (TLN)
86,86.0,86.0,86.0,86.0,86.0,86.0,86.0,86.0,86.0,86.0,86.0,2.0,,18,100,10,10,50,0,3718155830102773.5,0,LR (TLN)
87,87.0,87.0,87.0,87.0,87.0,87.0,87.0,87.0,87.0,87.0,87.0,0.0,,19,11,10,10,50,0,0.7539384473789601,0,LR (TLN)
88,88.0,88.0,88.0,88.0,88.0,88.0,88.0,88.0,88.0,88.0,88.0,1.0,,19,50,10,10,50,0,120121544.08612396,0,LR (TLN)
89,89.0,89.0,89.0,89.0,89.0,89.0,89.0,89.0,89.0,89.0,89.0,2.0,,19,100,10,10,50,0,3168483.1151284203,0,LR (TLN)
90,90.0,90.0,90.0,90.0,90.0,90.0,90.0,90.0,90.0,90.0,90.0,0.0,,20,11,10,10,50,0,981.0206710088578,0,LR (TLN)
91,91.0,91.0,91.0,91.0,91.0,91.0,91.0,91.0,91.0,91.0,91.0,1.0,,20,50,10,10,50,0,48985997.74298121,0,LR (TLN)
92,92.0,92.0,92.0,92.0,92.0,92.0,92.0,92.0,92.0,92.0,92.0,2.0,,20,100,10,10,50,0,7879410.391043986,0,LR (TLN)
93,93.0,93.0,93.0,93.0,93.0,93.0,93.0,93.0,93.0,93.0,93.0,0.0,,21,11,10,10,50,0,4521.9271170047605,0,LR (TLN)
94,94.0,94.0,94.0,94.0,94.0,94.0,94.0,94.0,94.0,94.0,94.0,1.0,,21,50,10,10,50,0,4543.05247987501,0,LR (TLN)
95,95.0,95.0,95.0,95.0,95.0,95.0,95.0,95.0,95.0,95.0,95.0,2.0,,21,100,10,10,50,0,331760.4530985546,0,LR (TLN)
96,96.0,96.0,96.0,96.0,96.0,96.0,96.0,96.0,96.0,96.0,96.0,0.0,,22,11,10,10,50,0,10.259131103841575,0,LR (TLN)
97,97.0,97.0,97.0,97.0,97.0,97.0,97.0,97.0,97.0,97.0,97.0,1.0,,22,50,10,10,50,0,249583.1589323787,0,LR (TLN)
98,98.0,98.0,98.0,98.0,98.0,98.0,98.0,98.0,98.0,98.0,98.0,2.0,,22,100,10,10,50,0,7.623424959888016e+290,0,LR (TLN)
99,99.0,99.0,99.0,99.0,99.0,99.0,99.0,99.0,99.0,99.0,99.0,0.0,,23,11,10,10,50,0,382809184879346.0,0,LR (TLN)
100,100.0,100.0,100.0,100.0,100.0,100.0,100.0,100.0,100.0,100.0,100.0,1.0,,23,50,10,10,50,0,6.142250207088242,0,LR (TLN)
101,101.0,101.0,101.0,101.0,101.0,101.0,101.0,101.0,101.0,101.0,101.0,2.0,,23,100,10,10,50,0,0.6516053175007169,0,LR (TLN)
102,102.0,102.0,102.0,102.0,102.0,102.0,102.0,102.0,102.0,102.0,102.0,0.0,,24,11,10,10,50,0,197072.01449246128,0,LR (TLN)
103,103.0,103.0,103.0,103.0,103.0,103.0,103.0,103.0,103.0,103.0,103.0,1.0,,24,50,10,10,50,0,49.05139094784438,0,LR (TLN)
104,104.0,104.0,104.0,104.0,104.0,104.0,104.0,104.0,104.0,104.0,104.0,2.0,,24,100,10,10,50,0,122096.31897587892,0,LR (TLN)
105,105.0,105.0,105.0,105.0,105.0,105.0,105.0,105.0,105.0,105.0,105.0,0.0,,25,11,10,10,50,0,114299575.78023462,0,LR (TLN)
106,106.0,106.0,106.0,106.0,106.0,106.0,106.0,106.0,106.0,106.0,106.0,1.0,,25,50,10,10,50,0,308410713427.8994,0,LR (TLN)
107,107.0,107.0,107.0,107.0,107.0,107.0,107.0,107.0,107.0,107.0,107.0,2.0,,25,100,10,10,50,0,8.199057241732806e+84,0,LR (TLN)
108,108.0,108.0,108.0,108.0,108.0,108.0,108.0,108.0,108.0,108.0,108.0,0.0,,26,11,10,10,50,0,2.445488600330008e+24,0,LR (TLN)
109,109.0,109.0,109.0,109.0,109.0,109.0,109.0,109.0,109.0,109.0,109.0,1.0,,26,50,10,10,50,0,1003062.7818363572,0,LR (TLN)
110,110.0,110.0,110.0,110.0,110.0,110.0,110.0,110.0,110.0,110.0,110.0,2.0,,26,100,10,10,50,0,180750.4618717521,0,LR (TLN)
111,111.0,111.0,111.0,111.0,111.0,111.0,111.0,111.0,111.0,111.0,111.0,0.0,,27,11,10,10,50,0,4479437481674.43,0,LR (TLN)
112,112.0,112.0,112.0,112.0,112.0,112.0,112.0,112.0,112.0,112.0,112.0,1.0,,27,50,10,10,50,0,6.577703865835346,0,LR (TLN)
113,113.0,113.0,113.0,113.0,113.0,113.0,113.0,113.0,113.0,113.0,113.0,2.0,,27,100,10,10,50,0,17.321268094570488,0,LR (TLN)
114,114.0,114.0,114.0,114.0,114.0,114.0,114.0,114.0,114.0,114.0,114.0,0.0,,28,11,10,10,50,0,1227.1394073451747,0,LR (TLN)
115,115.0,115.0,115.0,115.0,115.0,115.0,115.0,115.0,115.0,115.0,115.0,1.0,,28,50,10,10,50,0,2.551071717451405e+17,0,LR (TLN)
116,116.0,116.0,116.0,116.0,116.0,116.0,116.0,116.0,116.0,116.0,116.0,2.0,,28,100,10,10,50,0,1.339812361033485e+33,0,LR (TLN)
117,117.0,117.0,117.0,117.0,117.0,117.0,117.0,117.0,117.0,117.0,117.0,0.0,,29,11,10,10,50,0,109698841.81062956,0,LR (TLN)
118,118.0,118.0,118.0,118.0,118.0,118.0,118.0,118.0,118.0,118.0,118.0,1.0,,29,50,10,10,50,0,10434.256802106263,0,LR (TLN)
119,119.0,119.0,119.0,119.0,119.0,119.0,119.0,119.0,119.0,119.0,119.0,2.0,,29,100,10,10,50,0,0.0861573700282037,0,LR (TLN)
120,120.0,120.0,120.0,120.0,120.0,120.0,120.0,120.0,120.0,120.0,0.0,,,0,11,10,10,50,0,1481.7209431441531,0,LR (TLN)
121,121.0,121.0,121.0,121.0,121.0,121.0,121.0,121.0,121.0,121.0,1.0,,,0,50,10,10,50,0,4372005345648057.5,0,LR (TLN)
122,122.0,122.0,122.0,122.0,122.0,122.0,122.0,122.0,122.0,122.0,2.0,,,0,100,10,10,50,0,22.692863988745057,0,LR (TLN)
123,123.0,123.0,123.0,123.0,123.0,123.0,123.0,123.0,123.0,123.0,0.0,,,1,11,10,10,50,0,3.706992866046735e+83,0,LR (TLN)
124,124.0,124.0,124.0,124.0,124.0,124.0,124.0,124.0,124.0,124.0,1.0,,,1,50,10,10,50,0,11273607187.332056,0,LR (TLN)
125,125.0,125.0,125.0,125.0,125.0,125.0,125.0,125.0,125.0,125.0,2.0,,,1,100,10,10,50,0,4700.237547498449,0,LR (TLN)
126,126.0,126.0,126.0,126.0,126.0,126.0,126.0,126.0,126.0,126.0,0.0,,,2,11,10,10,50,0,1679393.141028444,0,LR (TLN)
127,127.0,127.0,127.0,127.0,127.0,127.0,127.0,127.0,127.0,127.0,1.0,,,2,50,10,10,50,0,5.573068582452282,0,LR (TLN)
128,128.0,128.0,128.0,128.0,128.0,128.0,128.0,128.0,128.0,128.0,2.0,,,2,100,10,10,50,0,2000285035.1005423,0,LR (TLN)
129,129.0,129.0,129.0,129.0,129.0,129.0,129.0,129.0,129.0,129.0,0.0,,,3,11,10,10,50,0,13.218346256595009,0,LR (TLN)
130,130.0,130.0,130.0,130.0,130.0,130.0,130.0,130.0,130.0,130.0,1.0,,,3,50,10,10,50,0,1578.933310146405,0,LR (TLN)
131,131.0,131.0,131.0,131.0,131.0,131.0,131.0,131.0,131.0,131.0,2.0,,,3,100,10,10,50,0,3.5710314895873285e+42,0,LR (TLN)
132,132.0,132.0,132.0,132.0,132.0,132.0,132.0,132.0,132.0,132.0,0.0,,,4,11,10,10,50,0,663.4392145956209,0,LR (TLN)
133,133.0,133.0,133.0,133.0,133.0,133.0,133.0,133.0,133.0,133.0,1.0,,,4,50,10,10,50,0,518.1959837818689,0,LR (TLN)
134,134.0,134.0,134.0,134.0,134.0,134.0,134.0,134.0,134.0,134.0,2.0,,,4,100,10,10,50,0,128158.11077080302,0,LR (TLN)
135,135.0,135.0,135.0,135.0,135.0,135.0,135.0,135.0,135.0,135.0,0.0,,,5,11,10,10,50,0,5634352981.725151,0,LR (TLN)
136,136.0,136.0,136.0,136.0,136.0,136.0,136.0,136.0,136.0,136.0,1.0,,,5,50,10,10,50,0,2.818598991215725e+16,0,LR (TLN)
137,137.0,137.0,137.0,137.0,137.0,137.0,137.0,137.0,137.0,137.0,2.0,,,5,100,10,10,50,0,6.515215950604826e+16,0,LR (TLN)
138,138.0,138.0,138.0,138.0,138.0,138.0,138.0,138.0,138.0,138.0,0.0,,,6,11,10,10,50,0,222.1443909342682,0,LR (TLN)
139,139.0,139.0,139.0,139.0,139.0,139.0,139.0,139.0,139.0,139.0,1.0,,,6,50,10,10,50,0,inf,0,LR (TLN)
140,140.0,140.0,140.0,140.0,140.0,140.0,140.0,140.0,140.0,140.0,2.0,,,6,100,10,10,50,0,2012.829890428092,0,LR (TLN)
141,141.0,141.0,141.0,141.0,141.0,141.0,141.0,141.0,141.0,141.0,0.0,,,7,11,10,10,50,0,123493.44751454527,0,LR (TLN)
142,142.0,142.0,142.0,142.0,142.0,142.0,142.0,142.0,142.0,142.0,1.0,,,7,50,10,10,50,0,875.0537833712799,0,LR (TLN)
143,143.0,143.0,143.0,143.0,143.0,143.0,143.0,143.0,143.0,143.0,2.0,,,7,100,10,10,50,0,0.7826338579904035,0,LR (TLN)
144,144.0,144.0,144.0,144.0,144.0,144.0,144.0,144.0,144.0,144.0,0.0,,,8,11,10,10,50,0,75.94012041040001,0,LR (TLN)
145,145.0,145.0,145.0,145.0,145.0,145.0,145.0,145.0,145.0,145.0,1.0,,,8,50,10,10,50,0,1.1230526946208127e+22,0,LR (TLN)
146,146.0,146.0,146.0,146.0,146.0,146.0,146.0,146.0,146.0,146.0,2.0,,,8,100,10,10,50,0,7.15540716870799,0,LR (TLN)
147,147.0,147.0,147.0,147.0,147.0,147.0,147.0,147.0,147.0,147.0,0.0,,,9,11,10,10,50,0,7824474123.738981,0,LR (TLN)
148,148.0,148.0,148.0,148.0,148.0,148.0,148.0,148.0,148.0,148.0,1.0,,,9,50,10,10,50,0,221.8417884116338,0,LR (TLN)
149,149.0,149.0,149.0,149.0,149.0,149.0,149.0,149.0,149.0,149.0,2.0,,,9,100,10,10,50,0,1.8755390790006368,0,LR (TLN)
150,150.0,150.0,150.0,150.0,150.0,150.0,150.0,150.0,150.0,150.0,0.0,,,10,11,10,10,50,0,25196.344356230496,0,LR (TLN)
151,151.0,151.0,151.0,151.0,151.0,151.0,151.0,151.0,151.0,151.0,1.0,,,10,50,10,10,50,0,1.4680735885000673e+26,0,LR (TLN)
152,152.0,152.0,152.0,152.0,152.0,152.0,152.0,152.0,152.0,152.0,2.0,,,10,100,10,10,50,0,312632647161152.0,0,LR (TLN)
153,153.0,153.0,153.0,153.0,153.0,153.0,153.0,153.0,153.0,153.0,0.0,,,11,11,10,10,50,0,1.6432789417402869,0,LR (TLN)
154,154.0,154.0,154.0,154.0,154.0,154.0,154.0,154.0,154.0,154.0,1.0,,,11,50,10,10,50,0,5078110.657216171,0,LR (TLN)
155,155.0,155.0,155.0,155.0,155.0,155.0,155.0,155.0,155.0,155.0,2.0,,,11,100,10,10,50,0,95998893731448.16,0,LR (TLN)
156,156.0,156.0,156.0,156.0,156.0,156.0,156.0,156.0,156.0,156.0,0.0,,,12,11,10,10,50,0,137.40021010870413,0,LR (TLN)
157,157.0,157.0,157.0,157.0,157.0,157.0,157.0,157.0,157.0,157.0,1.0,,,12,50,10,10,50,0,0.470198120575962,0,LR (TLN)
158,158.0,158.0,158.0,158.0,158.0,158.0,158.0,158.0,158.0,158.0,2.0,,,12,100,10,10,50,0,inf,0,LR (TLN)
159,159.0,159.0,159.0,159.0,159.0,159.0,159.0,159.0,159.0,159.0,0.0,,,13,11,10,10,50,0,195251577568963.12,0,LR (TLN)
160,160.0,160.0,160.0,160.0,160.0,160.0,160.0,160.0,160.0,160.0,1.0,,,13,50,10,10,50,0,0.099930112168677,0,LR (TLN)
161,161.0,161.0,161.0,161.0,161.0,161.0,161.0,161.0,161.0,161.0,2.0,,,13,100,10,10,50,0,217866.87866643743,0,LR (TLN)
162,162.0,162.0,162.0,162.0,162.0,162.0,162.0,162.0,162.0,162.0,0.0,,,14,11,10,10,50,0,4735.665722130621,0,LR (TLN)
163,163.0,163.0,163.0,163.0,163.0,163.0,163.0,163.0,163.0,163.0,1.0,,,14,50,10,10,50,0,408.2522816859919,0,LR (TLN)
164,164.0,164.0,164.0,164.0,164.0,164.0,164.0,164.0,164.0,164.0,2.0,,,14,100,10,10,50,0,6.26552859560795e+19,0,LR (TLN)
165,165.0,165.0,165.0,165.0,165.0,165.0,165.0,165.0,165.0,165.0,0.0,,,15,11,10,10,50,0,256.4351755537553,0,LR (TLN)
166,166.0,166.0,166.0,166.0,166.0,166.0,166.0,166.0,166.0,166.0,1.0,,,15,50,10,10,50,0,5780323258440.123,0,LR (TLN)
167,167.0,167.0,167.0,167.0,167.0,167.0,167.0,167.0,167.0,167.0,2.0,,,15,100,10,10,50,0,4.843031249784871,0,LR (TLN)
168,168.0,168.0,168.0,168.0,168.0,168.0,168.0,168.0,168.0,168.0,0.0,,,16,11,10,10,50,0,16632699.98239933,0,LR (TLN)
169,169.0,169.0,169.0,169.0,169.0,169.0,169.0,169.0,169.0,169.0,1.0,,,16,50,10,10,50,0,26.15996969322728,0,LR (TLN)
170,170.0,170.0,170.0,170.0,170.0,170.0,170.0,170.0,170.0,170.0,2.0,,,16,100,10,10,50,0,0.2543462126728119,0,LR (TLN)
171,171.0,171.0,171.0,171.0,171.0,171.0,171.0,171.0,171.0,171.0,0.0,,,17,11,10,10,50,0,28550.314406997582,0,LR (TLN)
172,172.0,172.0,172.0,172.0,172.0,172.0,172.0,172.0,172.0,172.0,1.0,,,17,50,10,10,50,0,12.52067371249168,0,LR (TLN)
173,173.0,173.0,173.0,173.0,173.0,173.0,173.0,173.0,173.0,173.0,2.0,,,17,100,10,10,50,0,14.822507986560302,0,LR (TLN)
174,174.0,174.0,174.0,174.0,174.0,174.0,174.0,174.0,174.0,174.0,0.0,,,18,11,10,10,50,0,281721272096.6636,0,LR (TLN)
175,175.0,175.0,175.0,175.0,175.0,175.0,175.0,175.0,175.0,175.0,1.0,,,18,50,10,10,50,0,115.3996263394805,0,LR (TLN)
176,176.0,176.0,176.0,176.0,176.0,176.0,176.0,176.0,176.0,176.0,2.0,,,18,100,10,10,50,0,28149529796233.5,0,LR (TLN)
177,177.0,177.0,177.0,177.0,177.0,177.0,177.0,177.0,177.0,177.0,0.0,,,19,11,10,10,50,0,7.398057361129478e+37,0,LR (TLN)
178,178.0,178.0,178.0,178.0,178.0,178.0,178.0,178.0,178.0,178.0,1.0,,,19,50,10,10,50,0,31851.933046137543,0,LR (TLN)
179,179.0,179.0,179.0,179.0,179.0,179.0,179.0,179.0,179.0,179.0,2.0,,,19,100,10,10,50,0,47683806.10711128,0,LR (TLN)
180,180.0,180.0,180.0,180.0,180.0,180.0,180.0,180.0,180.0,180.0,0.0,,,20,11,10,10,50,0,210882789.9583738,0,LR (TLN)
181,181.0,181.0,181.0,181.0,181.0,181.0,181.0,181.0,181.0,181.0,1.0,,,20,50,10,10,50,0,287283.77275569725,0,LR (TLN)
182,182.0,182.0,182.0,182.0,182.0,182.0,182.0,182.0,182.0,182.0,2.0,,,20,100,10,10,50,0,4.332867301871605,0,LR (TLN)
183,183.0,183.0,183.0,183.0,183.0,183.0,183.0,183.0,183.0,183.0,0.0,,,21,11,10,10,50,0,7462500.425210643,0,LR (TLN)
184,184.0,184.0,184.0,184.0,184.0,184.0,184.0,184.0,184.0,184.0,1.0,,,21,50,10,10,50,0,7.000999999142639e+59,0,LR (TLN)
185,185.0,185.0,185.0,185.0,185.0,185.0,185.0,185.0,185.0,185.0,2.0,,,21,100,10,10,50,0,86286.43853015963,0,LR (TLN)
186,186.0,186.0,186.0,186.0,186.0,186.0,186.0,186.0,186.0,186.0,0.0,,,22,11,10,10,50,0,4460030072179.6045,0,LR (TLN)
187,187.0,187.0,187.0,187.0,187.0,187.0,187.0,187.0,187.0,187.0,1.0,,,22,50,10,10,50,0,13.34378470403218,0,LR (TLN)
188,188.0,188.0,188.0,188.0,188.0,188.0,188.0,188.0,188.0,188.0,2.0,,,22,100,10,10,50,0,3.50143131043432e+28,0,LR (TLN)
189,189.0,189.0,189.0,189.0,189.0,189.0,189.0,189.0,189.0,189.0,0.0,,,23,11,10,10,50,0,0.4812421705497564,0,LR (TLN)
190,190.0,190.0,190.0,190.0,190.0,190.0,190.0,190.0,190.0,190.0,1.0,,,23,50,10,10,50,0,91184.54457972282,0,LR (TLN)
191,191.0,191.0,191.0,191.0,191.0,191.0,191.0,191.0,191.0,191.0,2.0,,,23,100,10,10,50,0,8637415988059.065,0,LR (TLN)
192,192.0,192.0,192.0,192.0,192.0,192.0,192.0,192.0,192.0,192.0,0.0,,,24,11,10,10,50,0,3082766374230237.0,0,LR (TLN)
193,193.0,193.0,193.0,193.0,193.0,193.0,193.0,193.0,193.0,193.0,1.0,,,24,50,10,10,50,0,98914029.5248237,0,LR (TLN)
194,194.0,194.0,194.0,194.0,194.0,194.0,194.0,194.0,194.0,194.0,2.0,,,24,100,10,10,50,0,146013116.18818888,0,LR (TLN)
195,195.0,195.0,195.0,195.0,195.0,195.0,195.0,195.0,195.0,195.0,0.0,,,25,11,10,10,50,0,266659.932055346,0,LR (TLN)
196,196.0,196.0,196.0,196.0,196.0,196.0,196.0,196.0,196.0,196.0,1.0,,,25,50,10,10,50,0,183110978519612.1,0,LR (TLN)
197,197.0,197.0,197.0,197.0,197.0,197.0,197.0,197.0,197.0,197.0,2.0,,,25,100,10,10,50,0,5246590798.869745,0,LR (TLN)
198,198.0,198.0,198.0,198.0,198.0,198.0,198.0,198.0,198.0,198.0,0.0,,,26,11,10,10,50,0,170088.8254356408,0,LR (TLN)
199,199.0,199.0,199.0,199.0,199.0,199.0,199.0,199.0,199.0,199.0,1.0,,,26,50,10,10,50,0,22100.39430374045,0,LR (TLN)
200,200.0,200.0,200.0,200.0,200.0,200.0,200.0,200.0,200.0,200.0,2.0,,,26,100,10,10,50,0,2084.1598278045785,0,LR (TLN)
201,201.0,201.0,201.0,201.0,201.0,201.0,201.0,201.0,201.0,201.0,0.0,,,27,11,10,10,50,0,53.03452474324509,0,LR (TLN)
202,202.0,202.0,202.0,202.0,202.0,202.0,202.0,202.0,202.0,202.0,1.0,,,27,50,10,10,50,0,1.3359005877801349,0,LR (TLN)
203,203.0,203.0,203.0,203.0,203.0,203.0,203.0,203.0,203.0,203.0,2.0,,,27,100,10,10,50,0,13.431253259434502,0,LR (TLN)
204,204.0,204.0,204.0,204.0,204.0,204.0,204.0,204.0,204.0,204.0,0.0,,,28,11,10,10,50,0,4.440346504821778,0,LR (TLN)
205,205.0,205.0,205.0,205.0,205.0,205.0,205.0,205.0,205.0,205.0,1.0,,,28,50,10,10,50,0,1.3107835300314574,0,LR (TLN)
206,206.0,206.0,206.0,206.0,206.0,206.0,206.0,206.0,206.0,206.0,2.0,,,28,100,10,10,50,0,22.508322198019684,0,LR (TLN)
207,207.0,207.0,207.0,207.0,207.0,207.0,207.0,207.0,207.0,207.0,0.0,,,29,11,10,10,50,0,137.15194984811183,0,LR (TLN)
208,208.0,208.0,208.0,208.0,208.0,208.0,208.0,208.0,208.0,208.0,1.0,,,29,50,10,10,50,0,12086843.928153746,0,LR (TLN)
209,209.0,209.0,209.0,209.0,209.0,209.0,209.0,209.0,209.0,209.0,2.0,,,29,100,10,10,50,0,45326315.65929484,0,LR (TLN)
210,210.0,210.0,210.0,210.0,210.0,210.0,210.0,210.0,210.0,0.0,,,,0,11,10,10,50,0,150.70099617124723,0,LR (TLN)
211,211.0,211.0,211.0,211.0,211.0,211.0,211.0,211.0,211.0,1.0,,,,0,50,10,10,50,0,8.043567332802116e+20,0,LR (TLN)
212,212.0,212.0,212.0,212.0,212.0,212.0,212.0,212.0,212.0,2.0,,,,0,100,10,10,50,0,4.020811113523193,0,LR (TLN)
213,213.0,213.0,213.0,213.0,213.0,213.0,213.0,213.0,213.0,0.0,,,,1,11,10,10,50,0,11036928.282544116,0,LR (TLN)
214,214.0,214.0,214.0,214.0,214.0,214.0,214.0,214.0,214.0,1.0,,,,1,50,10,10,50,0,0.1175826525405243,0,LR (TLN)
215,215.0,215.0,215.0,215.0,215.0,215.0,215.0,215.0,215.0,2.0,,,,1,100,10,10,50,0,1165.5257615247228,0,LR (TLN)
216,216.0,216.0,216.0,216.0,216.0,216.0,216.0,216.0,216.0,0.0,,,,2,11,10,10,50,0,49222.739370626405,0,LR (TLN)
217,217.0,217.0,217.0,217.0,217.0,217.0,217.0,217.0,217.0,1.0,,,,2,50,10,10,50,0,195.56719321844665,0,LR (TLN)
218,218.0,218.0,218.0,218.0,218.0,218.0,218.0,218.0,218.0,2.0,,,,2,100,10,10,50,0,inf,0,LR (TLN)
219,219.0,219.0,219.0,219.0,219.0,219.0,219.0,219.0,219.0,0.0,,,,3,11,10,10,50,0,1.6007153557109796e+16,0,LR (TLN)
220,220.0,220.0,220.0,220.0,220.0,220.0,220.0,220.0,220.0,1.0,,,,3,50,10,10,50,0,2.010019905290347e+22,0,LR (TLN)
221,221.0,221.0,221.0,221.0,221.0,221.0,221.0,221.0,221.0,2.0,,,,3,100,10,10,50,0,2.194200947340173e+17,0,LR (TLN)
222,222.0,222.0,222.0,222.0,222.0,222.0,222.0,222.0,222.0,0.0,,,,4,11,10,10,50,0,1.0810614260641671e+224,0,LR (TLN)
223,223.0,223.0,223.0,223.0,223.0,223.0,223.0,223.0,223.0,1.0,,,,4,50,10,10,50,0,249.76685894058969,0,LR (TLN)
224,224.0,224.0,224.0,224.0,224.0,224.0,224.0,224.0,224.0,2.0,,,,4,100,10,10,50,0,2.212872525670156e+16,0,LR (TLN)
225,225.0,225.0,225.0,225.0,225.0,225.0,225.0,225.0,225.0,0.0,,,,5,11,10,10,50,0,563020795.0851475,0,LR (TLN)
226,226.0,226.0,226.0,226.0,226.0,226.0,226.0,226.0,226.0,1.0,,,,5,50,10,10,50,0,6942930711594.088,0,LR (TLN)
227,227.0,227.0,227.0,227.0,227.0,227.0,227.0,227.0,227.0,2.0,,,,5,100,10,10,50,0,1.707950114858591e+25,0,LR (TLN)
228,228.0,228.0,228.0,228.0,228.0,228.0,228.0,228.0,228.0,0.0,,,,6,11,10,10,50,0,6.383660015284554e+20,0,LR (TLN)
229,229.0,229.0,229.0,229.0,229.0,229.0,229.0,229.0,229.0,1.0,,,,6,50,10,10,50,0,13009.754223535994,0,LR (TLN)
230,230.0,230.0,230.0,230.0,230.0,230.0,230.0,230.0,230.0,2.0,,,,6,100,10,10,50,0,4.977407875154339,0,LR (TLN)
231,231.0,231.0,231.0,231.0,231.0,231.0,231.0,231.0,231.0,0.0,,,,7,11,10,10,50,0,1031.7540292824074,0,LR (TLN)
232,232.0,232.0,232.0,232.0,232.0,232.0,232.0,232.0,232.0,1.0,,,,7,50,10,10,50,0,960561.5603272546,0,LR (TLN)
233,233.0,233.0,233.0,233.0,233.0,233.0,233.0,233.0,233.0,2.0,,,,7,100,10,10,50,0,1246.1368889026453,0,LR (TLN)
234,234.0,234.0,234.0,234.0,234.0,234.0,234.0,234.0,234.0,0.0,,,,8,11,10,10,50,0,18.563500837916884,0,LR (TLN)
235,235.0,235.0,235.0,235.0,235.0,235.0,235.0,235.0,235.0,1.0,,,,8,50,10,10,50,0,1.45357486038858e+18,0,LR (TLN)
236,236.0,236.0,236.0,236.0,236.0,236.0,236.0,236.0,236.0,2.0,,,,8,100,10,10,50,0,4.6678078058924585e+28,0,LR (TLN)
237,237.0,237.0,237.0,237.0,237.0,237.0,237.0,237.0,237.0,0.0,,,,9,11,10,10,50,0,0.2115363689233179,0,LR (TLN)
238,238.0,238.0,238.0,238.0,238.0,238.0,238.0,238.0,238.0,1.0,,,,9,50,10,10,50,0,48995695237.55534,0,LR (TLN)
239,239.0,239.0,239.0,239.0,239.0,239.0,239.0,239.0,239.0,2.0,,,,9,100,10,10,50,0,56456668389520.65,0,LR (TLN)
240,240.0,240.0,240.0,240.0,240.0,240.0,240.0,240.0,240.0,0.0,,,,10,11,10,10,50,0,144.36347493657473,0,LR (TLN)
241,241.0,241.0,241.0,241.0,241.0,241.0,241.0,241.0,241.0,1.0,,,,10,50,10,10,50,0,175290.65353948943,0,LR (TLN)
242,242.0,242.0,242.0,242.0,242.0,242.0,242.0,242.0,242.0,2.0,,,,10,100,10,10,50,0,5.090710404915701,0,LR (TLN)
243,243.0,243.0,243.0,243.0,243.0,243.0,243.0,243.0,243.0,0.0,,,,11,11,10,10,50,0,452.5673777694286,0,LR (TLN)
244,244.0,244.0,244.0,244.0,244.0,244.0,244.0,244.0,244.0,1.0,,,,11,50,10,10,50,0,50.370643119303125,0,LR (TLN)
245,245.0,245.0,245.0,245.0,245.0,245.0,245.0,245.0,245.0,2.0,,,,11,100,10,10,50,0,7.755578513233375e+42,0,LR (TLN)
246,246.0,246.0,246.0,246.0,246.0,246.0,246.0,246.0,246.0,0.0,,,,12,11,10,10,50,0,1188.3578778933693,0,LR (TLN)
247,247.0,247.0,247.0,247.0,247.0,247.0,247.0,247.0,247.0,1.0,,,,12,50,10,10,50,0,9565922.192304038,0,LR (TLN)
248,248.0,248.0,248.0,248.0,248.0,248.0,248.0,248.0,248.0,2.0,,,,12,100,10,10,50,0,37.34434358012574,0,LR (TLN)
249,249.0,249.0,249.0,249.0,249.0,249.0,249.0,249.0,249.0,0.0,,,,13,11,10,10,50,0,3461379396.883796,0,LR (TLN)
250,250.0,250.0,250.0,250.0,250.0,250.0,250.0,250.0,250.0,1.0,,,,13,50,10,10,50,0,2530956746.2818537,0,LR (TLN)
251,251.0,251.0,251.0,251.0,251.0,251.0,251.0,251.0,251.0,2.0,,,,13,100,10,10,50,0,1613.013951501614,0,LR (TLN)
252,252.0,252.0,252.0,252.0,252.0,252.0,252.0,252.0,252.0,0.0,,,,14,11,10,10,50,0,824171251.9791822,0,LR (TLN)
253,253.0,253.0,253.0,253.0,253.0,253.0,253.0,253.0,253.0,1.0,,,,14,50,10,10,50,0,191.3733738415004,0,LR (TLN)
254,254.0,254.0,254.0,254.0,254.0,254.0,254.0,254.0,254.0,2.0,,,,14,100,10,10,50,0,10709935.590799095,0,LR (TLN)
255,255.0,255.0,255.0,255.0,255.0,255.0,255.0,255.0,255.0,0.0,,,,15,11,10,10,50,0,1247528876.7629616,0,LR (TLN)
256,256.0,256.0,256.0,256.0,256.0,256.0,256.0,256.0,256.0,1.0,,,,15,50,10,10,50,0,13499836092017.98,0,LR (TLN)
257,257.0,257.0,257.0,257.0,257.0,257.0,257.0,257.0,257.0,2.0,,,,15,100,10,10,50,0,19598.442930978614,0,LR (TLN)
258,258.0,258.0,258.0,258.0,258.0,258.0,258.0,258.0,258.0,0.0,,,,16,11,10,10,50,0,1.2599830072280634e+63,0,LR (TLN)
259,259.0,259.0,259.0,259.0,259.0,259.0,259.0,259.0,259.0,1.0,,,,16,50,10,10,50,0,7.741585120779863e+27,0,LR (TLN)
260,260.0,260.0,260.0,260.0,260.0,260.0,260.0,260.0,260.0,2.0,,,,16,100,10,10,50,0,5.162909326576217e+16,0,LR (TLN)
261,261.0,261.0,261.0,261.0,261.0,261.0,261.0,261.0,261.0,0.0,,,,17,11,10,10,50,0,83501440.8636874,0,LR (TLN)
262,262.0,262.0,262.0,262.0,262.0,262.0,262.0,262.0,262.0,1.0,,,,17,50,10,10,50,0,4.466568847756891e+19,0,LR (TLN)
263,263.0,263.0,263.0,263.0,263.0,263.0,263.0,263.0,263.0,2.0,,,,17,100,10,10,50,0,1.2974710515719476,0,LR (TLN)
264,264.0,264.0,264.0,264.0,264.0,264.0,264.0,264.0,264.0,0.0,,,,18,11,10,10,50,0,624.0960726994424,0,LR (TLN)
265,265.0,265.0,265.0,265.0,265.0,265.0,265.0,265.0,265.0,1.0,,,,18,50,10,10,50,0,1378199756.2883651,0,LR (TLN)
266,266.0,266.0,266.0,266.0,266.0,266.0,266.0,266.0,266.0,2.0,,,,18,100,10,10,50,0,0.9565737184436118,0,LR (TLN)
267,267.0,267.0,267.0,267.0,267.0,267.0,267.0,267.0,267.0,0.0,,,,19,11,10,10,50,0,341400925.68623394,0,LR (TLN)
268,268.0,268.0,268.0,268.0,268.0,268.0,268.0,268.0,268.0,1.0,,,,19,50,10,10,50,0,18385863.481397644,0,LR (TLN)
269,269.0,269.0,269.0,269.0,269.0,269.0,269.0,269.0,269.0,2.0,,,,19,100,10,10,50,0,37485750.38981449,0,LR (TLN)
270,270.0,270.0,270.0,270.0,270.0,270.0,270.0,270.0,270.0,0.0,,,,20,11,10,10,50,0,3.7484641231737306,0,LR (TLN)
271,271.0,271.0,271.0,271.0,271.0,271.0,271.0,271.0,271.0,1.0,,,,20,50,10,10,50,0,2470.5647281860743,0,LR (TLN)
272,272.0,272.0,272.0,272.0,272.0,272.0,272.0,272.0,272.0,2.0,,,,20,100,10,10,50,0,2.441872642305499e+32,0,LR (TLN)
273,273.0,273.0,273.0,273.0,273.0,273.0,273.0,273.0,273.0,0.0,,,,21,11,10,10,50,0,248.2835602186789,0,LR (TLN)
274,274.0,274.0,274.0,274.0,274.0,274.0,274.0,274.0,274.0,1.0,,,,21,50,10,10,50,0,2170805.1160336714,0,LR (TLN)
275,275.0,275.0,275.0,275.0,275.0,275.0,275.0,275.0,275.0,2.0,,,,21,100,10,10,50,0,2.418227093455965e+21,0,LR (TLN)
276,276.0,276.0,276.0,276.0,276.0,276.0,276.0,276.0,276.0,0.0,,,,22,11,10,10,50,0,17363363.219238825,0,LR (TLN)
277,277.0,277.0,277.0,277.0,277.0,277.0,277.0,277.0,277.0,1.0,,,,22,50,10,10,50,0,27.70873185634024,0,LR (TLN)
278,278.0,278.0,278.0,278.0,278.0,278.0,278.0,278.0,278.0,2.0,,,,22,100,10,10,50,0,109532.29783662347,0,LR (TLN)
279,279.0,279.0,279.0,279.0,279.0,279.0,279.0,279.0,279.0,0.0,,,,23,11,10,10,50,0,9413.72440765992,0,LR (TLN)
280,280.0,280.0,280.0,280.0,280.0,280.0,280.0,280.0,280.0,1.0,,,,23,50,10,10,50,0,1529705864850551.0,0,LR (TLN)
281,281.0,281.0,281.0,281.0,281.0,281.0,281.0,281.0,281.0,2.0,,,,23,100,10,10,50,0,2.586010600282171,0,LR (TLN)
282,282.0,282.0,282.0,282.0,282.0,282.0,282.0,282.0,282.0,0.0,,,,24,11,10,10,50,0,86885.84636951528,0,LR (TLN)
283,283.0,283.0,283.0,283.0,283.0,283.0,283.0,283.0,283.0,1.0,,,,24,50,10,10,50,0,8.490243467552866e+57,0,LR (TLN)
284,284.0,284.0,284.0,284.0,284.0,284.0,284.0,284.0,284.0,2.0,,,,24,100,10,10,50,0,13671543960392.62,0,LR (TLN)
285,285.0,285.0,285.0,285.0,285.0,285.0,285.0,285.0,285.0,0.0,,,,25,11,10,10,50,0,1.845660070437202,0,LR (TLN)
286,286.0,286.0,286.0,286.0,286.0,286.0,286.0,286.0,286.0,1.0,,,,25,50,10,10,50,0,349283989.60217386,0,LR (TLN)
287,287.0,287.0,287.0,287.0,287.0,287.0,287.0,287.0,287.0,2.0,,,,25,100,10,10,50,0,11309889690.880476,0,LR (TLN)
288,288.0,288.0,288.0,288.0,288.0,288.0,288.0,288.0,288.0,0.0,,,,26,11,10,10,50,0,480501506.28941786,0,LR (TLN)
289,289.0,289.0,289.0,289.0,289.0,289.0,289.0,289.0,289.0,1.0,,,,26,50,10,10,50,0,6.51282565262521e+189,0,LR (TLN)
290,290.0,290.0,290.0,290.0,290.0,290.0,290.0,290.0,290.0,2.0,,,,26,100,10,10,50,0,12.28559321844202,0,LR (TLN)
291,291.0,291.0,291.0,291.0,291.0,291.0,291.0,291.0,291.0,0.0,,,,27,11,10,10,50,0,0.4986360485814852,0,LR (TLN)
292,292.0,292.0,292.0,292.0,292.0,292.0,292.0,292.0,292.0,1.0,,,,27,50,10,10,50,0,3508.98985505002,0,LR (TLN)
293,293.0,293.0,293.0,293.0,293.0,293.0,293.0,293.0,293.0,2.0,,,,27,100,10,10,50,0,4087273669.355633,0,LR (TLN)
294,294.0,294.0,294.0,294.0,294.0,294.0,294.0,294.0,294.0,0.0,,,,28,11,10,10,50,0,33941618511.43704,0,LR (TLN)
295,295.0,295.0,295.0,295.0,295.0,295.0,295.0,295.0,295.0,1.0,,,,28,50,10,10,50,0,1974.1530434745275,0,LR (TLN)
296,296.0,296.0,296.0,296.0,296.0,296.0,296.0,296.0,296.0,2.0,,,,28,100,10,10,50,0,35.73418679140896,0,LR (TLN)
297,297.0,297.0,297.0,297.0,297.0,297.0,297.0,297.0,297.0,0.0,,,,29,11,10,10,50,0,3.1102602681107308,0,LR (TLN)
298,298.0,298.0,298.0,298.0,298.0,298.0,298.0,298.0,298.0,1.0,,,,29,50,10,10,50,0,184395.4200443741,0,LR (TLN)
299,299.0,299.0,299.0,299.0,299.0,299.0,299.0,299.0,299.0,2.0,,,,29,100,10,10,50,0,1.519952385887501e+42,0,LR (TLN)
300,300.0,300.0,300.0,300.0,300.0,300.0,300.0,300.0,0.0,,,,,0,2,10,10,50,0,175.39540585693996,0,LR (TLN)
301,301.0,301.0,301.0,301.0,301.0,301.0,301.0,301.0,1.0,,,,,0,11,10,10,50,0,1241915842847441.5,0,LR (TLN)
302,302.0,302.0,302.0,302.0,302.0,302.0,302.0,302.0,2.0,,,,,0,50,10,10,50,0,391303.0174834803,0,LR (TLN)
303,303.0,303.0,303.0,303.0,303.0,303.0,303.0,303.0,3.0,,,,,0,100,10,10,50,0,6.222967929170499,0,LR (TLN)
304,304.0,304.0,304.0,304.0,304.0,304.0,304.0,304.0,0.0,,,,,1,2,10,10,50,0,607.0874589520175,0,LR (TLN)
305,305.0,305.0,305.0,305.0,305.0,305.0,305.0,305.0,1.0,,,,,1,11,10,10,50,0,40.46255810473806,0,LR (TLN)
306,306.0,306.0,306.0,306.0,306.0,306.0,306.0,306.0,2.0,,,,,1,50,10,10,50,0,34413.14544051182,0,LR (TLN)
307,307.0,307.0,307.0,307.0,307.0,307.0,307.0,307.0,3.0,,,,,1,100,10,10,50,0,20258.06660347563,0,LR (TLN)
308,308.0,308.0,308.0,308.0,308.0,308.0,308.0,308.0,0.0,,,,,2,2,10,10,50,0,37.34294856118724,0,LR (TLN)
309,309.0,309.0,309.0,309.0,309.0,309.0,309.0,309.0,1.0,,,,,2,11,10,10,50,0,1053744.9116195685,0,LR (TLN)
310,310.0,310.0,310.0,310.0,310.0,310.0,310.0,310.0,2.0,,,,,2,50,10,10,50,0,28.878398703312065,0,LR (TLN)
311,311.0,311.0,311.0,311.0,311.0,311.0,311.0,311.0,3.0,,,,,2,100,10,10,50,0,15597888.074564343,0,LR (TLN)
312,312.0,312.0,312.0,312.0,312.0,312.0,312.0,312.0,0.0,,,,,3,2,10,10,50,0,8759.61620294562,0,LR (TLN)
313,313.0,313.0,313.0,313.0,313.0,313.0,313.0,313.0,1.0,,,,,3,11,10,10,50,0,2261.7559705095264,0,LR (TLN)
314,314.0,314.0,314.0,314.0,314.0,314.0,314.0,314.0,2.0,,,,,3,50,10,10,50,0,32063257348.360725,0,LR (TLN)
315,315.0,315.0,315.0,315.0,315.0,315.0,315.0,315.0,3.0,,,,,3,100,10,10,50,0,3521.0553477225085,0,LR (TLN)
316,316.0,316.0,316.0,316.0,316.0,316.0,316.0,316.0,0.0,,,,,4,2,10,10,50,0,598.9317166568691,0,LR (TLN)
317,317.0,317.0,317.0,317.0,317.0,317.0,317.0,317.0,1.0,,,,,4,11,10,10,50,0,17.516906337059403,0,LR (TLN)
318,318.0,318.0,318.0,318.0,318.0,318.0,318.0,318.0,2.0,,,,,4,50,10,10,50,0,24629325.76748421,0,LR (TLN)
319,319.0,319.0,319.0,319.0,319.0,319.0,319.0,319.0,3.0,,,,,4,100,10,10,50,0,24.990070274030906,0,LR (TLN)
320,320.0,320.0,320.0,320.0,320.0,320.0,320.0,320.0,0.0,,,,,5,2,10,10,50,0,2.835550664716396,0,LR (TLN)
321,321.0,321.0,321.0,321.0,321.0,321.0,321.0,321.0,1.0,,,,,5,11,10,10,50,0,17959122.44928254,0,LR (TLN)
322,322.0,322.0,322.0,322.0,322.0,322.0,322.0,322.0,2.0,,,,,5,50,10,10,50,0,32022.088478023645,0,LR (TLN)
323,323.0,323.0,323.0,323.0,323.0,323.0,323.0,323.0,3.0,,,,,5,100,10,10,50,0,9.35438182117423e+19,0,LR (TLN)
324,324.0,324.0,324.0,324.0,324.0,324.0,324.0,324.0,0.0,,,,,6,2,10,10,50,0,19.23223721381385,0,LR (TLN)
325,325.0,325.0,325.0,325.0,325.0,325.0,325.0,325.0,1.0,,,,,6,11,10,10,50,0,2.111226912020036e+23,0,LR (TLN)
326,326.0,326.0,326.0,326.0,326.0,326.0,326.0,326.0,2.0,,,,,6,50,10,10,50,0,66062.05263449898,0,LR (TLN)
327,327.0,327.0,327.0,327.0,327.0,327.0,327.0,327.0,3.0,,,,,6,100,10,10,50,0,0.4933561042519582,0,LR (TLN)
328,328.0,328.0,328.0,328.0,328.0,328.0,328.0,328.0,0.0,,,,,7,2,10,10,50,0,3.967662258489234e+30,0,LR (TLN)
329,329.0,329.0,329.0,329.0,329.0,329.0,329.0,329.0,1.0,,,,,7,11,10,10,50,0,584.2825183793744,0,LR (TLN)
330,330.0,330.0,330.0,330.0,330.0,330.0,330.0,330.0,2.0,,,,,7,50,10,10,50,0,1.911803006715247e+37,0,LR (TLN)
331,331.0,331.0,331.0,331.0,331.0,331.0,331.0,331.0,3.0,,,,,7,100,10,10,50,0,81472531915.17024,0,LR (TLN)
332,332.0,332.0,332.0,332.0,332.0,332.0,332.0,332.0,0.0,,,,,8,2,10,10,50,0,28780.13381550181,0,LR (TLN)
333,333.0,333.0,333.0,333.0,333.0,333.0,333.0,333.0,1.0,,,,,8,11,10,10,50,0,3.1048830458056744e+23,0,LR (TLN)
334,334.0,334.0,334.0,334.0,334.0,334.0,334.0,334.0,2.0,,,,,8,50,10,10,50,0,9.21060778448108,0,LR (TLN)
335,335.0,335.0,335.0,335.0,335.0,335.0,335.0,335.0,3.0,,,,,8,100,10,10,50,0,2.5479662176423874,0,LR (TLN)
336,336.0,336.0,336.0,336.0,336.0,336.0,336.0,336.0,0.0,,,,,9,2,10,10,50,0,18.269333204582644,0,LR (TLN)
337,337.0,337.0,337.0,337.0,337.0,337.0,337.0,337.0,1.0,,,,,9,11,10,10,50,0,87.15376454209405,0,LR (TLN)
338,338.0,338.0,338.0,338.0,338.0,338.0,338.0,338.0,2.0,,,,,9,50,10,10,50,0,3373034686993.2256,0,LR (TLN)
339,339.0,339.0,339.0,339.0,339.0,339.0,339.0,339.0,3.0,,,,,9,100,10,10,50,0,2.2002823497194737e+27,0,LR (TLN)
340,340.0,340.0,340.0,340.0,340.0,340.0,340.0,340.0,0.0,,,,,10,2,10,10,50,0,5.2328526393663715e+48,0,LR (TLN)
341,341.0,341.0,341.0,341.0,341.0,341.0,341.0,341.0,1.0,,,,,10,11,10,10,50,0,5526743132061326.0,0,LR (TLN)
342,342.0,342.0,342.0,342.0,342.0,342.0,342.0,342.0,2.0,,,,,10,50,10,10,50,0,30847.26181881277,0,LR (TLN)
343,343.0,343.0,343.0,343.0,343.0,343.0,343.0,343.0,3.0,,,,,10,100,10,10,50,0,1894784499.112252,0,LR (TLN)
344,344.0,344.0,344.0,344.0,344.0,344.0,344.0,344.0,0.0,,,,,11,2,10,10,50,0,47369426464265.11,0,LR (TLN)
345,345.0,345.0,345.0,345.0,345.0,345.0,345.0,345.0,1.0,,,,,11,11,10,10,50,0,80.80771091691592,0,LR (TLN)
346,346.0,346.0,346.0,346.0,346.0,346.0,346.0,346.0,2.0,,,,,11,50,10,10,50,0,2637.8118739900947,0,LR (TLN)
347,347.0,347.0,347.0,347.0,347.0,347.0,347.0,347.0,3.0,,,,,11,100,10,10,50,0,22095514983801.406,0,LR (TLN)
348,348.0,348.0,348.0,348.0,348.0,348.0,348.0,348.0,0.0,,,,,12,2,10,10,50,0,2.1128523520040066,0,LR (TLN)
349,349.0,349.0,349.0,349.0,349.0,349.0,349.0,349.0,1.0,,,,,12,11,10,10,50,0,0.1469834307733117,0,LR (TLN)
350,350.0,350.0,350.0,350.0,350.0,350.0,350.0,350.0,2.0,,,,,12,50,10,10,50,0,117344.73175906112,0,LR (TLN)
351,351.0,351.0,351.0,351.0,351.0,351.0,351.0,351.0,3.0,,,,,12,100,10,10,50,0,13.047289405390623,0,LR (TLN)
352,352.0,352.0,352.0,352.0,352.0,352.0,352.0,352.0,0.0,,,,,13,2,10,10,50,0,637.7594763310442,0,LR (TLN)
353,353.0,353.0,353.0,353.0,353.0,353.0,353.0,353.0,1.0,,,,,13,11,10,10,50,0,4.975826086414408e+25,0,LR (TLN)
354,354.0,354.0,354.0,354.0,354.0,354.0,354.0,354.0,2.0,,,,,13,50,10,10,50,0,973516.538608686,0,LR (TLN)
355,355.0,355.0,355.0,355.0,355.0,355.0,355.0,355.0,3.0,,,,,13,100,10,10,50,0,0.484345674524105,0,LR (TLN)
356,356.0,356.0,356.0,356.0,356.0,356.0,356.0,356.0,0.0,,,,,14,2,10,10,50,0,299233.1551654459,0,LR (TLN)
357,357.0,357.0,357.0,357.0,357.0,357.0,357.0,357.0,1.0,,,,,14,11,10,10,50,0,1042.7056767220292,0,LR (TLN)
358,358.0,358.0,358.0,358.0,358.0,358.0,358.0,358.0,2.0,,,,,14,50,10,10,50,0,1.2765728394095109e+85,0,LR (TLN)
359,359.0,359.0,359.0,359.0,359.0,359.0,359.0,359.0,3.0,,,,,14,100,10,10,50,0,2247619378443112.0,0,LR (TLN)
360,360.0,360.0,360.0,360.0,360.0,360.0,360.0,360.0,0.0,,,,,15,2,10,10,50,0,2.6685929032261115e+131,0,LR (TLN)
361,361.0,361.0,361.0,361.0,361.0,361.0,361.0,361.0,1.0,,,,,15,11,10,10,50,0,0.3618093794996563,0,LR (TLN)
362,362.0,362.0,362.0,362.0,362.0,362.0,362.0,362.0,2.0,,,,,15,50,10,10,50,0,5630.451145120876,0,LR (TLN)
363,363.0,363.0,363.0,363.0,363.0,363.0,363.0,363.0,3.0,,,,,15,100,10,10,50,0,165089.96073896257,0,LR (TLN)
364,364.0,364.0,364.0,364.0,364.0,364.0,364.0,364.0,0.0,,,,,16,2,10,10,50,0,125252247147423.1,0,LR (TLN)
365,365.0,365.0,365.0,365.0,365.0,365.0,365.0,365.0,1.0,,,,,16,11,10,10,50,0,2101196476517907.5,0,LR (TLN)
366,366.0,366.0,366.0,366.0,366.0,366.0,366.0,366.0,2.0,,,,,16,50,10,10,50,0,1957894.5212155555,0,LR (TLN)
367,367.0,367.0,367.0,367.0,367.0,367.0,367.0,367.0,3.0,,,,,16,100,10,10,50,0,5.449755367741679e+85,0,LR (TLN)
368,368.0,368.0,368.0,368.0,368.0,368.0,368.0,368.0,0.0,,,,,17,2,10,10,50,0,102404074537357.38,0,LR (TLN)
369,369.0,369.0,369.0,369.0,369.0,369.0,369.0,369.0,1.0,,,,,17,11,10,10,50,0,50310405588.08491,0,LR (TLN)
370,370.0,370.0,370.0,370.0,370.0,370.0,370.0,370.0,2.0,,,,,17,50,10,10,50,0,9842831625.127422,0,LR (TLN)
371,371.0,371.0,371.0,371.0,371.0,371.0,371.0,371.0,3.0,,,,,17,100,10,10,50,0,19.88864225092314,0,LR (TLN)
372,372.0,372.0,372.0,372.0,372.0,372.0,372.0,372.0,0.0,,,,,18,2,10,10,50,0,20.57126566577509,0,LR (TLN)
373,373.0,373.0,373.0,373.0,373.0,373.0,373.0,373.0,1.0,,,,,18,11,10,10,50,0,39.398003351917566,0,LR (TLN)
374,374.0,374.0,374.0,374.0,374.0,374.0,374.0,374.0,2.0,,,,,18,50,10,10,50,0,66.10988839463418,0,LR (TLN)
375,375.0,375.0,375.0,375.0,375.0,375.0,375.0,375.0,3.0,,,,,18,100,10,10,50,0,3.123734988255943e+282,0,LR (TLN)
376,376.0,376.0,376.0,376.0,376.0,376.0,376.0,376.0,0.0,,,,,19,2,10,10,50,0,4973.219220698233,0,LR (TLN)
377,377.0,377.0,377.0,377.0,377.0,377.0,377.0,377.0,1.0,,,,,19,11,10,10,50,0,9.52650548409252e+82,0,LR (TLN)
378,378.0,378.0,378.0,378.0,378.0,378.0,378.0,378.0,2.0,,,,,19,50,10,10,50,0,46591115.25976434,0,LR (TLN)
379,379.0,379.0,379.0,379.0,379.0,379.0,379.0,379.0,3.0,,,,,19,100,10,10,50,0,56342.657960696015,0,LR (TLN)
380,380.0,380.0,380.0,380.0,380.0,380.0,380.0,380.0,0.0,,,,,20,2,10,10,50,0,33459.77085748926,0,LR (TLN)
381,381.0,381.0,381.0,381.0,381.0,381.0,381.0,381.0,1.0,,,,,20,11,10,10,50,0,57291099.2972052,0,LR (TLN)
382,382.0,382.0,382.0,382.0,382.0,382.0,382.0,382.0,2.0,,,,,20,50,10,10,50,0,3.0045923779759595e+67,0,LR (TLN)
383,383.0,383.0,383.0,383.0,383.0,383.0,383.0,383.0,3.0,,,,,20,100,10,10,50,0,1188.6163678865612,0,LR (TLN)
384,384.0,384.0,384.0,384.0,384.0,384.0,384.0,384.0,0.0,,,,,21,2,10,10,50,0,99376.61946331237,0,LR (TLN)
385,385.0,385.0,385.0,385.0,385.0,385.0,385.0,385.0,1.0,,,,,21,11,10,10,50,0,6.836152356397067,0,LR (TLN)
386,386.0,386.0,386.0,386.0,386.0,386.0,386.0,386.0,2.0,,,,,21,50,10,10,50,0,3486229218987863.0,0,LR (TLN)
387,387.0,387.0,387.0,387.0,387.0,387.0,387.0,387.0,3.0,,,,,21,100,10,10,50,0,795192.0809742913,0,LR (TLN)
388,388.0,388.0,388.0,388.0,388.0,388.0,388.0,388.0,0.0,,,,,22,2,10,10,50,0,0.834897081857575,0,LR (TLN)
389,389.0,389.0,389.0,389.0,389.0,389.0,389.0,389.0,1.0,,,,,22,11,10,10,50,0,0.1598869707769525,0,LR (TLN)
390,390.0,390.0,390.0,390.0,390.0,390.0,390.0,390.0,2.0,,,,,22,50,10,10,50,0,2291484478.9682746,0,LR (TLN)
391,391.0,391.0,391.0,391.0,391.0,391.0,391.0,391.0,3.0,,,,,22,100,10,10,50,0,34322253083.859142,0,LR (TLN)
392,392.0,392.0,392.0,392.0,392.0,392.0,392.0,392.0,0.0,,,,,23,2,10,10,50,0,23347.506500544016,0,LR (TLN)
393,393.0,393.0,393.0,393.0,393.0,393.0,393.0,393.0,1.0,,,,,23,11,10,10,50,0,66547.65745077995,0,LR (TLN)
394,394.0,394.0,394.0,394.0,394.0,394.0,394.0,394.0,2.0,,,,,23,50,10,10,50,0,144722416058.4649,0,LR (TLN)
395,395.0,395.0,395.0,395.0,395.0,395.0,395.0,395.0,3.0,,,,,23,100,10,10,50,0,5945064831050870.0,0,LR (TLN)
396,396.0,396.0,396.0,396.0,396.0,396.0,396.0,396.0,0.0,,,,,24,2,10,10,50,0,1530.8324273813346,0,LR (TLN)
397,397.0,397.0,397.0,397.0,397.0,397.0,397.0,397.0,1.0,,,,,24,11,10,10,50,0,2.195512366199493e+20,0,LR (TLN)
398,398.0,398.0,398.0,398.0,398.0,398.0,398.0,398.0,2.0,,,,,24,50,10,10,50,0,78852338.15832222,0,LR (TLN)
399,399.0,399.0,399.0,399.0,399.0,399.0,399.0,399.0,3.0,,,,,24,100,10,10,50,0,2.133459158756634e+22,0,LR (TLN)
400,400.0,400.0,400.0,400.0,400.0,400.0,400.0,400.0,0.0,,,,,25,2,10,10,50,0,3.583757355345008,0,LR (TLN)
401,401.0,401.0,401.0,401.0,401.0,401.0,401.0,401.0,1.0,,,,,25,11,10,10,50,0,218.07292053847195,0,LR (TLN)
402,402.0,402.0,402.0,402.0,402.0,402.0,402.0,402.0,2.0,,,,,25,50,10,10,50,0,5.748964825313183e+19,0,LR (TLN)
403,403.0,403.0,403.0,403.0,403.0,403.0,403.0,403.0,3.0,,,,,25,100,10,10,50,0,1.986906696869908e+169,0,LR (TLN)
404,404.0,404.0,404.0,404.0,404.0,404.0,404.0,404.0,0.0,,,,,26,2,10,10,50,0,2035058.922204328,0,LR (TLN)
405,405.0,405.0,405.0,405.0,405.0,405.0,405.0,405.0,1.0,,,,,26,11,10,10,50,0,90482438749467.38,0,LR (TLN)
406,406.0,406.0,406.0,406.0,406.0,406.0,406.0,406.0,2.0,,,,,26,50,10,10,50,0,4.247763002327962,0,LR (TLN)
407,407.0,407.0,407.0,407.0,407.0,407.0,407.0,407.0,3.0,,,,,26,100,10,10,50,0,923565869700837.2,0,LR (TLN)
408,408.0,408.0,408.0,408.0,408.0,408.0,408.0,408.0,0.0,,,,,27,2,10,10,50,0,32.315699608700804,0,LR (TLN)
409,409.0,409.0,409.0,409.0,409.0,409.0,409.0,409.0,1.0,,,,,27,11,10,10,50,0,2.399383059299386e+17,0,LR (TLN)
410,410.0,410.0,410.0,410.0,410.0,410.0,410.0,410.0,2.0,,,,,27,50,10,10,50,0,37504.6910319955,0,LR (TLN)
411,411.0,411.0,411.0,411.0,411.0,411.0,411.0,411.0,3.0,,,,,27,100,10,10,50,0,361.2551241560069,0,LR (TLN)
412,412.0,412.0,412.0,412.0,412.0,412.0,412.0,412.0,0.0,,,,,28,2,10,10,50,0,250.2359149919715,0,LR (TLN)
413,413.0,413.0,413.0,413.0,413.0,413.0,413.0,413.0,1.0,,,,,28,11,10,10,50,0,276.0506670022686,0,LR (TLN)
414,414.0,414.0,414.0,414.0,414.0,414.0,414.0,414.0,2.0,,,,,28,50,10,10,50,0,4767919.0539690135,0,LR (TLN)
415,415.0,415.0,415.0,415.0,415.0,415.0,415.0,415.0,3.0,,,,,28,100,10,10,50,0,4.042808184602985e+27,0,LR (TLN)
416,416.0,416.0,416.0,416.0,416.0,416.0,416.0,416.0,0.0,,,,,29,2,10,10,50,0,11412015277.568905,0,LR (TLN)
417,417.0,417.0,417.0,417.0,417.0,417.0,417.0,417.0,1.0,,,,,29,11,10,10,50,0,308535124.4403444,0,LR (TLN)
418,418.0,418.0,418.0,418.0,418.0,418.0,418.0,418.0,2.0,,,,,29,50,10,10,50,0,32870522.645231,0,LR (TLN)
419,419.0,419.0,419.0,419.0,419.0,419.0,419.0,419.0,3.0,,,,,29,100,10,10,50,0,691863022.7316711,0,LR (TLN)
420,420.0,420.0,420.0,420.0,420.0,420.0,420.0,0.0,,,,,,0,2,10,10,50,0,2941.393231623825,0,LR (TLN)
421,421.0,421.0,421.0,421.0,421.0,421.0,421.0,1.0,,,,,,0,11,10,10,50,0,2581.7003891844674,0,LR (TLN)
422,422.0,422.0,422.0,422.0,422.0,422.0,422.0,2.0,,,,,,0,50,10,10,50,0,392593420.0833165,0,LR (TLN)
423,423.0,423.0,423.0,423.0,423.0,423.0,423.0,3.0,,,,,,0,100,10,10,50,0,inf,0,LR (TLN)
424,424.0,424.0,424.0,424.0,424.0,424.0,424.0,0.0,,,,,,1,2,10,10,50,0,30790.150602131074,0,LR (TLN)
425,425.0,425.0,425.0,425.0,425.0,425.0,425.0,1.0,,,,,,1,11,10,10,50,0,16913.74424255889,0,LR (TLN)
426,426.0,426.0,426.0,426.0,426.0,426.0,426.0,2.0,,,,,,1,50,10,10,50,0,1.5791069421627912e+18,0,LR (TLN)
427,427.0,427.0,427.0,427.0,427.0,427.0,427.0,3.0,,,,,,1,100,10,10,50,0,30232.2592693642,0,LR (TLN)
428,428.0,428.0,428.0,428.0,428.0,428.0,428.0,0.0,,,,,,2,2,10,10,50,0,2.337443951584195,0,LR (TLN)
429,429.0,429.0,429.0,429.0,429.0,429.0,429.0,1.0,,,,,,2,11,10,10,50,0,6.45121318600862e+217,0,LR (TLN)
430,430.0,430.0,430.0,430.0,430.0,430.0,430.0,2.0,,,,,,2,50,10,10,50,0,4.30877109097356,0,LR (TLN)
431,431.0,431.0,431.0,431.0,431.0,431.0,431.0,3.0,,,,,,2,100,10,10,50,0,98.88947383528516,0,LR (TLN)
432,432.0,432.0,432.0,432.0,432.0,432.0,432.0,0.0,,,,,,3,2,10,10,50,0,150.81146467172007,0,LR (TLN)
433,433.0,433.0,433.0,433.0,433.0,433.0,433.0,1.0,,,,,,3,11,10,10,50,0,2.435150319528959e+18,0,LR (TLN)
434,434.0,434.0,434.0,434.0,434.0,434.0,434.0,2.0,,,,,,3,50,10,10,50,0,57920.00911559044,0,LR (TLN)
435,435.0,435.0,435.0,435.0,435.0,435.0,435.0,3.0,,,,,,3,100,10,10,50,0,24510143925.76453,0,LR (TLN)
436,436.0,436.0,436.0,436.0,436.0,436.0,436.0,0.0,,,,,,4,2,10,10,50,0,735151712602457.4,0,LR (TLN)
437,437.0,437.0,437.0,437.0,437.0,437.0,437.0,1.0,,,,,,4,11,10,10,50,0,4162.660624310273,0,LR (TLN)
438,438.0,438.0,438.0,438.0,438.0,438.0,438.0,2.0,,,,,,4,50,10,10,50,0,1926343.5903433943,0,LR (TLN)
439,439.0,439.0,439.0,439.0,439.0,439.0,439.0,3.0,,,,,,4,100,10,10,50,0,39.1700046384144,0,LR (TLN)
440,440.0,440.0,440.0,440.0,440.0,440.0,440.0,0.0,,,,,,5,2,10,10,50,0,9.428961730723484e+28,0,LR (TLN)
441,441.0,441.0,441.0,441.0,441.0,441.0,441.0,1.0,,,,,,5,11,10,10,50,0,87828.3703286718,0,LR (TLN)
442,442.0,442.0,442.0,442.0,442.0,442.0,442.0,2.0,,,,,,5,50,10,10,50,0,23820.00557229276,0,LR (TLN)
443,443.0,443.0,443.0,443.0,443.0,443.0,443.0,3.0,,,,,,5,100,10,10,50,0,12245.975891600903,0,LR (TLN)
444,444.0,444.0,444.0,444.0,444.0,444.0,444.0,0.0,,,,,,6,2,10,10,50,0,21802574.30490024,0,LR (TLN)
445,445.0,445.0,445.0,445.0,445.0,445.0,445.0,1.0,,,,,,6,11,10,10,50,0,243272666815382.7,0,LR (TLN)
446,446.0,446.0,446.0,446.0,446.0,446.0,446.0,2.0,,,,,,6,50,10,10,50,0,inf,0,LR (TLN)
447,447.0,447.0,447.0,447.0,447.0,447.0,447.0,3.0,,,,,,6,100,10,10,50,0,12405230.00826114,0,LR (TLN)
448,448.0,448.0,448.0,448.0,448.0,448.0,448.0,0.0,,,,,,7,2,10,10,50,0,1293892299.49036,0,LR (TLN)
449,449.0,449.0,449.0,449.0,449.0,449.0,449.0,1.0,,,,,,7,11,10,10,50,0,0.9504223211417892,0,LR (TLN)
450,450.0,450.0,450.0,450.0,450.0,450.0,450.0,2.0,,,,,,7,50,10,10,50,0,7.044146708932033e+88,0,LR (TLN)
451,451.0,451.0,451.0,451.0,451.0,451.0,451.0,3.0,,,,,,7,100,10,10,50,0,1422.1306233279795,0,LR (TLN)
452,452.0,452.0,452.0,452.0,452.0,452.0,452.0,0.0,,,,,,8,2,10,10,50,0,66.45730416354867,0,LR (TLN)
453,453.0,453.0,453.0,453.0,453.0,453.0,453.0,1.0,,,,,,8,11,10,10,50,0,19681051058005.74,0,LR (TLN)
454,454.0,454.0,454.0,454.0,454.0,454.0,454.0,2.0,,,,,,8,50,10,10,50,0,25536118.445466463,0,LR (TLN)
455,455.0,455.0,455.0,455.0,455.0,455.0,455.0,3.0,,,,,,8,100,10,10,50,0,4072.1006807542935,0,LR (TLN)
456,456.0,456.0,456.0,456.0,456.0,456.0,456.0,0.0,,,,,,9,2,10,10,50,0,71.34949662390518,0,LR (TLN)
457,457.0,457.0,457.0,457.0,457.0,457.0,457.0,1.0,,,,,,9,11,10,10,50,0,87643501858208.77,0,LR (TLN)
458,458.0,458.0,458.0,458.0,458.0,458.0,458.0,2.0,,,,,,9,50,10,10,50,0,8.63071290345336e+27,0,LR (TLN)
459,459.0,459.0,459.0,459.0,459.0,459.0,459.0,3.0,,,,,,9,100,10,10,50,0,146130997563995.03,0,LR (TLN)
460,460.0,460.0,460.0,460.0,460.0,460.0,460.0,0.0,,,,,,10,2,10,10,50,0,2301654572.411908,0,LR (TLN)
461,461.0,461.0,461.0,461.0,461.0,461.0,461.0,1.0,,,,,,10,11,10,10,50,0,68331.12376172078,0,LR (TLN)
462,462.0,462.0,462.0,462.0,462.0,462.0,462.0,2.0,,,,,,10,50,10,10,50,0,1327273614.5635428,0,LR (TLN)
463,463.0,463.0,463.0,463.0,463.0,463.0,463.0,3.0,,,,,,10,100,10,10,50,0,26161.77270911405,0,LR (TLN)
464,464.0,464.0,464.0,464.0,464.0,464.0,464.0,0.0,,,,,,11,2,10,10,50,0,11.692023138317952,0,LR (TLN)
465,465.0,465.0,465.0,465.0,465.0,465.0,465.0,1.0,,,,,,11,11,10,10,50,0,15571543221458.51,0,LR (TLN)
466,466.0,466.0,466.0,466.0,466.0,466.0,466.0,2.0,,,,,,11,50,10,10,50,0,12.875115487410977,0,LR (TLN)
467,467.0,467.0,467.0,467.0,467.0,467.0,467.0,3.0,,,,,,11,100,10,10,50,0,24713.80602531195,0,LR (TLN)
468,468.0,468.0,468.0,468.0,468.0,468.0,468.0,0.0,,,,,,12,2,10,10,50,0,695729.5146327463,0,LR (TLN)
469,469.0,469.0,469.0,469.0,469.0,469.0,469.0,1.0,,,,,,12,11,10,10,50,0,7519342.854185492,0,LR (TLN)
470,470.0,470.0,470.0,470.0,470.0,470.0,470.0,2.0,,,,,,12,50,10,10,50,0,306625337.0075647,0,LR (TLN)
471,471.0,471.0,471.0,471.0,471.0,471.0,471.0,3.0,,,,,,12,100,10,10,50,0,100426836.1163085,0,LR (TLN)
472,472.0,472.0,472.0,472.0,472.0,472.0,472.0,0.0,,,,,,13,2,10,10,50,0,369.1056340467957,0,LR (TLN)
473,473.0,473.0,473.0,473.0,473.0,473.0,473.0,1.0,,,,,,13,11,10,10,50,0,11094.080044298427,0,LR (TLN)
474,474.0,474.0,474.0,474.0,474.0,474.0,474.0,2.0,,,,,,13,50,10,10,50,0,8419070.844736168,0,LR (TLN)
475,475.0,475.0,475.0,475.0,475.0,475.0,475.0,3.0,,,,,,13,100,10,10,50,0,34571004.83729378,0,LR (TLN)
476,476.0,476.0,476.0,476.0,476.0,476.0,476.0,0.0,,,,,,14,2,10,10,50,0,34901024.25178752,0,LR (TLN)
477,477.0,477.0,477.0,477.0,477.0,477.0,477.0,1.0,,,,,,14,11,10,10,50,0,2308.4642467577382,0,LR (TLN)
478,478.0,478.0,478.0,478.0,478.0,478.0,478.0,2.0,,,,,,14,50,10,10,50,0,894.8665533782481,0,LR (TLN)
479,479.0,479.0,479.0,479.0,479.0,479.0,479.0,3.0,,,,,,14,100,10,10,50,0,5908.375273042809,0,LR (TLN)
480,480.0,480.0,480.0,480.0,480.0,480.0,480.0,0.0,,,,,,15,2,10,10,50,0,12070.662211901206,0,LR (TLN)
481,481.0,481.0,481.0,481.0,481.0,481.0,481.0,1.0,,,,,,15,11,10,10,50,0,2.546398660588024,0,LR (TLN)
482,482.0,482.0,482.0,482.0,482.0,482.0,482.0,2.0,,,,,,15,50,10,10,50,0,175.09997163414215,0,LR (TLN)
483,483.0,483.0,483.0,483.0,483.0,483.0,483.0,3.0,,,,,,15,100,10,10,50,0,337270092.9673171,0,LR (TLN)
484,484.0,484.0,484.0,484.0,484.0,484.0,484.0,0.0,,,,,,16,2,10,10,50,0,2.9010324767418937e+27,0,LR (TLN)
485,485.0,485.0,485.0,485.0,485.0,485.0,485.0,1.0,,,,,,16,11,10,10,50,0,10246295.403171636,0,LR (TLN)
486,486.0,486.0,486.0,486.0,486.0,486.0,486.0,2.0,,,,,,16,50,10,10,50,0,4813561623.162825,0,LR (TLN)
487,487.0,487.0,487.0,487.0,487.0,487.0,487.0,3.0,,,,,,16,100,10,10,50,0,769865565758.894,0,LR (TLN)
488,488.0,488.0,488.0,488.0,488.0,488.0,488.0,0.0,,,,,,17,2,10,10,50,0,19.43506858942384,0,LR (TLN)
489,489.0,489.0,489.0,489.0,489.0,489.0,489.0,1.0,,,,,,17,11,10,10,50,0,26925939978.096462,0,LR (TLN)
490,490.0,490.0,490.0,490.0,490.0,490.0,490.0,2.0,,,,,,17,50,10,10,50,0,16.872901779854043,0,LR (TLN)
491,491.0,491.0,491.0,491.0,491.0,491.0,491.0,3.0,,,,,,17,100,10,10,50,0,1.9154898581107578e+17,0,LR (TLN)
492,492.0,492.0,492.0,492.0,492.0,492.0,492.0,0.0,,,,,,18,2,10,10,50,0,6324.062784063932,0,LR (TLN)
493,493.0,493.0,493.0,493.0,493.0,493.0,493.0,1.0,,,,,,18,11,10,10,50,0,863180.8312844343,0,LR (TLN)
494,494.0,494.0,494.0,494.0,494.0,494.0,494.0,2.0,,,,,,18,50,10,10,50,0,379.59507822811486,0,LR (TLN)
495,495.0,495.0,495.0,495.0,495.0,495.0,495.0,3.0,,,,,,18,100,10,10,50,0,797.8771044675462,0,LR (TLN)
496,496.0,496.0,496.0,496.0,496.0,496.0,496.0,0.0,,,,,,19,2,10,10,50,0,8.55364878091402e+28,0,LR (TLN)
497,497.0,497.0,497.0,497.0,497.0,497.0,497.0,1.0,,,,,,19,11,10,10,50,0,176501.14957042132,0,LR (TLN)
498,498.0,498.0,498.0,498.0,498.0,498.0,498.0,2.0,,,,,,19,50,10,10,50,0,4.360546167917987e+37,0,LR (TLN)
499,499.0,499.0,499.0,499.0,499.0,499.0,499.0,3.0,,,,,,19,100,10,10,50,0,19.51579630784861,0,LR (TLN)
500,500.0,500.0,500.0,500.0,500.0,500.0,500.0,0.0,,,,,,20,2,10,10,50,0,35.50946613899674,0,LR (TLN)
501,501.0,501.0,501.0,501.0,501.0,501.0,501.0,1.0,,,,,,20,11,10,10,50,0,2.8178026653508952e+91,0,LR (TLN)
502,502.0,502.0,502.0,502.0,502.0,502.0,502.0,2.0,,,,,,20,50,10,10,50,0,889627227676.6029,0,LR (TLN)
503,503.0,503.0,503.0,503.0,503.0,503.0,503.0,3.0,,,,,,20,100,10,10,50,0,1211.0585022557837,0,LR (TLN)
504,504.0,504.0,504.0,504.0,504.0,504.0,504.0,0.0,,,,,,21,2,10,10,50,0,38916136.95485581,0,LR (TLN)
505,505.0,505.0,505.0,505.0,505.0,505.0,505.0,1.0,,,,,,21,11,10,10,50,0,7973452.951395757,0,LR (TLN)
506,506.0,506.0,506.0,506.0,506.0,506.0,506.0,2.0,,,,,,21,50,10,10,50,0,15.63769948272847,0,LR (TLN)
507,507.0,507.0,507.0,507.0,507.0,507.0,507.0,3.0,,,,,,21,100,10,10,50,0,4.368496852023966e+24,0,LR (TLN)
508,508.0,508.0,508.0,508.0,508.0,508.0,508.0,0.0,,,,,,22,2,10,10,50,0,7.583987035312945e+39,0,LR (TLN)
509,509.0,509.0,509.0,509.0,509.0,509.0,509.0,1.0,,,,,,22,11,10,10,50,0,3.6924952766862456,0,LR (TLN)
510,510.0,510.0,510.0,510.0,510.0,510.0,510.0,2.0,,,,,,22,50,10,10,50,0,12.96915203966049,0,LR (TLN)
511,511.0,511.0,511.0,511.0,511.0,511.0,511.0,3.0,,,,,,22,100,10,10,50,0,2.8406364152549948,0,LR (TLN)
512,512.0,512.0,512.0,512.0,512.0,512.0,512.0,0.0,,,,,,23,2,10,10,50,0,910.8278569378742,0,LR (TLN)
513,513.0,513.0,513.0,513.0,513.0,513.0,513.0,1.0,,,,,,23,11,10,10,50,0,3.745770600313203e+17,0,LR (TLN)
514,514.0,514.0,514.0,514.0,514.0,514.0,514.0,2.0,,,,,,23,50,10,10,50,0,18.288577024621965,0,LR (TLN)
515,515.0,515.0,515.0,515.0,515.0,515.0,515.0,3.0,,,,,,23,100,10,10,50,0,1235024.3736327607,0,LR (TLN)
516,516.0,516.0,516.0,516.0,516.0,516.0,516.0,0.0,,,,,,24,2,10,10,50,0,32.77218764821792,0,LR (TLN)
517,517.0,517.0,517.0,517.0,517.0,517.0,517.0,1.0,,,,,,24,11,10,10,50,0,882.1451432298652,0,LR (TLN)
518,518.0,518.0,518.0,518.0,518.0,518.0,518.0,2.0,,,,,,24,50,10,10,50,0,3.311053079045742e+16,0,LR (TLN)
519,519.0,519.0,519.0,519.0,519.0,519.0,519.0,3.0,,,,,,24,100,10,10,50,0,7.395805758741057e+21,0,LR (TLN)
520,520.0,520.0,520.0,520.0,520.0,520.0,520.0,0.0,,,,,,25,2,10,10,50,0,1.1921856643812867,0,LR (TLN)
521,521.0,521.0,521.0,521.0,521.0,521.0,521.0,1.0,,,,,,25,11,10,10,50,0,1450.7618071104584,0,LR (TLN)
522,522.0,522.0,522.0,522.0,522.0,522.0,522.0,2.0,,,,,,25,50,10,10,50,0,91.07842662898608,0,LR (TLN)
523,523.0,523.0,523.0,523.0,523.0,523.0,523.0,3.0,,,,,,25,100,10,10,50,0,335137.1369252817,0,LR (TLN)
524,524.0,524.0,524.0,524.0,524.0,524.0,524.0,0.0,,,,,,26,2,10,10,50,0,2.4871071649039505e+23,0,LR (TLN)
525,525.0,525.0,525.0,525.0,525.0,525.0,525.0,1.0,,,,,,26,11,10,10,50,0,569.9412730975702,0,LR (TLN)
526,526.0,526.0,526.0,526.0,526.0,526.0,526.0,2.0,,,,,,26,50,10,10,50,0,6943034361907.022,0,LR (TLN)
527,527.0,527.0,527.0,527.0,527.0,527.0,527.0,3.0,,,,,,26,100,10,10,50,0,7176.698312332049,0,LR (TLN)
528,528.0,528.0,528.0,528.0,528.0,528.0,528.0,0.0,,,,,,27,2,10,10,50,0,1613.8494463769366,0,LR (TLN)
529,529.0,529.0,529.0,529.0,529.0,529.0,529.0,1.0,,,,,,27,11,10,10,50,0,206611.79986840847,0,LR (TLN)
530,530.0,530.0,530.0,530.0,530.0,530.0,530.0,2.0,,,,,,27,50,10,10,50,0,27.090913807043783,0,LR (TLN)
531,531.0,531.0,531.0,531.0,531.0,531.0,531.0,3.0,,,,,,27,100,10,10,50,0,4.776247568249294e+31,0,LR (TLN)
532,532.0,532.0,532.0,532.0,532.0,532.0,532.0,0.0,,,,,,28,2,10,10,50,0,3904.790945514737,0,LR (TLN)
533,533.0,533.0,533.0,533.0,533.0,533.0,533.0,1.0,,,,,,28,11,10,10,50,0,53.68044494868017,0,LR (TLN)
534,534.0,534.0,534.0,534.0,534.0,534.0,534.0,2.0,,,,,,28,50,10,10,50,0,5670940.927358457,0,LR (TLN)
535,535.0,535.0,535.0,535.0,535.0,535.0,535.0,3.0,,,,,,28,100,10,10,50,0,2.612890389469364e+17,0,LR (TLN)
536,536.0,536.0,536.0,536.0,536.0,536.0,536.0,0.0,,,,,,29,2,10,10,50,0,7.044405896896171e+147,0,LR (TLN)
537,537.0,537.0,537.0,537.0,537.0,537.0,537.0,1.0,,,,,,29,11,10,10,50,0,5176.383902787109,0,LR (TLN)
538,538.0,538.0,538.0,538.0,538.0,538.0,538.0,2.0,,,,,,29,50,10,10,50,0,102795761.79851916,0,LR (TLN)
539,539.0,539.0,539.0,539.0,539.0,539.0,539.0,3.0,,,,,,29,100,10,10,50,0,1816746411931.3413,0,LR (TLN)
540,540.0,540.0,540.0,540.0,540.0,540.0,0.0,,,,,,,0,200,10,10,50,0,296.8645487891165,0,LR (TLN)
541,541.0,541.0,541.0,541.0,541.0,541.0,0.0,,,,,,,1,200,10,10,50,0,85656.10755779917,0,LR (TLN)
542,542.0,542.0,542.0,542.0,542.0,542.0,0.0,,,,,,,2,200,10,10,50,0,69673.31403243108,0,LR (TLN)
543,543.0,543.0,543.0,543.0,543.0,543.0,0.0,,,,,,,3,200,10,10,50,0,207009539.6116702,0,LR (TLN)
544,544.0,544.0,544.0,544.0,544.0,544.0,0.0,,,,,,,4,200,10,10,50,0,1693454039269366.0,0,LR (TLN)
545,545.0,545.0,545.0,545.0,545.0,545.0,0.0,,,,,,,5,200,10,10,50,0,10737434.425062131,0,LR (TLN)
546,546.0,546.0,546.0,546.0,546.0,546.0,0.0,,,,,,,6,200,10,10,50,0,2.880589370557175e+30,0,LR (TLN)
547,547.0,547.0,547.0,547.0,547.0,547.0,0.0,,,,,,,7,200,10,10,50,0,2.3780268201770965e+27,0,LR (TLN)
548,548.0,548.0,548.0,548.0,548.0,548.0,0.0,,,,,,,8,200,10,10,50,0,218.2595637929065,0,LR (TLN)
549,549.0,549.0,549.0,549.0,549.0,549.0,0.0,,,,,,,9,200,10,10,50,0,6.88308494341117,0,LR (TLN)
550,550.0,550.0,550.0,550.0,550.0,550.0,0.0,,,,,,,10,200,10,10,50,0,150221286661.8443,0,LR (TLN)
551,551.0,551.0,551.0,551.0,551.0,551.0,0.0,,,,,,,11,200,10,10,50,0,3.786794699497832,0,LR (TLN)
552,552.0,552.0,552.0,552.0,552.0,552.0,0.0,,,,,,,12,200,10,10,50,0,425.01149188904526,0,LR (TLN)
553,553.0,553.0,553.0,553.0,553.0,553.0,0.0,,,,,,,13,200,10,10,50,0,1.2159317041310522e+183,0,LR (TLN)
554,554.0,554.0,554.0,554.0,554.0,554.0,0.0,,,,,,,14,200,10,10,50,0,291.22780951893407,0,LR (TLN)
555,555.0,555.0,555.0,555.0,555.0,555.0,0.0,,,,,,,15,200,10,10,50,0,2570.686687111103,0,LR (TLN)
556,556.0,556.0,556.0,556.0,556.0,556.0,0.0,,,,,,,16,200,10,10,50,0,1.0201244322014374e+52,0,LR (TLN)
557,557.0,557.0,557.0,557.0,557.0,557.0,0.0,,,,,,,17,200,10,10,50,0,4.49534865863019e+16,0,LR (TLN)
558,558.0,558.0,558.0,558.0,558.0,558.0,0.0,,,,,,,18,200,10,10,50,0,34563.02728292252,0,LR (TLN)
559,559.0,559.0,559.0,559.0,559.0,559.0,0.0,,,,,,,19,200,10,10,50,0,5291195738631210.0,0,LR (TLN)
560,560.0,560.0,560.0,560.0,560.0,560.0,0.0,,,,,,,20,200,10,10,50,0,5524806168834101.0,0,LR (TLN)
561,561.0,561.0,561.0,561.0,561.0,561.0,0.0,,,,,,,21,200,10,10,50,0,482786556869414.0,0,LR (TLN)
562,562.0,562.0,562.0,562.0,562.0,562.0,0.0,,,,,,,22,200,10,10,50,0,842180.6021896054,0,LR (TLN)
563,563.0,563.0,563.0,563.0,563.0,563.0,0.0,,,,,,,23,200,10,10,50,0,inf,0,LR (TLN)
564,564.0,564.0,564.0,564.0,564.0,564.0,0.0,,,,,,,24,200,10,10,50,0,8.33064398065806e+25,0,LR (TLN)
565,565.0,565.0,565.0,565.0,565.0,565.0,0.0,,,,,,,25,200,10,10,50,0,26087.71636190777,0,LR (TLN)
566,566.0,566.0,566.0,566.0,566.0,566.0,0.0,,,,,,,26,200,10,10,50,0,1038.4755818459048,0,LR (TLN)
567,567.0,567.0,567.0,567.0,567.0,567.0,0.0,,,,,,,27,200,10,10,50,0,127185135067.96625,0,LR (TLN)
568,568.0,568.0,568.0,568.0,568.0,568.0,0.0,,,,,,,28,200,10,10,50,0,64.54024625418928,0,LR (TLN)
569,569.0,569.0,569.0,569.0,569.0,569.0,0.0,,,,,,,29,200,10,10,50,0,7.312317591817573,0,LR (TLN)
570,570.0,570.0,570.0,570.0,570.0,0.0,,,,,,,,0,300,10,10,50,0,4.039252319728538e+21,0,LR (TLN)
571,571.0,571.0,571.0,571.0,571.0,0.0,,,,,,,,1,300,10,10,50,0,0.2517796689576062,0,LR (TLN)
572,572.0,572.0,572.0,572.0,572.0,0.0,,,,,,,,2,300,10,10,50,0,27.901910408973084,0,LR (TLN)
573,573.0,573.0,573.0,573.0,573.0,0.0,,,,,,,,3,300,10,10,50,0,45400019.94651521,0,LR (TLN)
574,574.0,574.0,574.0,574.0,574.0,0.0,,,,,,,,4,300,10,10,50,0,2246.8104197378343,0,LR (TLN)
575,575.0,575.0,575.0,575.0,575.0,0.0,,,,,,,,5,300,10,10,50,0,1.17517743467833,0,LR (TLN)
576,576.0,576.0,576.0,576.0,576.0,0.0,,,,,,,,6,300,10,10,50,0,4.9093074364608966e+76,0,LR (TLN)
577,577.0,577.0,577.0,577.0,577.0,0.0,,,,,,,,7,300,10,10,50,0,0.3648213327075933,0,LR (TLN)
578,578.0,578.0,578.0,578.0,578.0,0.0,,,,,,,,8,300,10,10,50,0,inf,0,LR (TLN)
579,579.0,579.0,579.0,579.0,579.0,0.0,,,,,,,,9,300,10,10,50,0,26033623932.476032,0,LR (TLN)
580,580.0,580.0,580.0,580.0,580.0,0.0,,,,,,,,10,300,10,10,50,0,44351.1104887632,0,LR (TLN)
581,581.0,581.0,581.0,581.0,581.0,0.0,,,,,,,,11,300,10,10,50,0,5444.393582194808,0,LR (TLN)
582,582.0,582.0,582.0,582.0,582.0,0.0,,,,,,,,12,300,10,10,50,0,inf,0,LR (TLN)
583,583.0,583.0,583.0,583.0,583.0,0.0,,,,,,,,13,300,10,10,50,0,225229588994.08383,0,LR (TLN)
584,584.0,584.0,584.0,584.0,584.0,0.0,,,,,,,,14,300,10,10,50,0,3672.853816490421,0,LR (TLN)
585,585.0,585.0,585.0,585.0,585.0,0.0,,,,,,,,15,300,10,10,50,0,3.963556667837397,0,LR (TLN)
586,586.0,586.0,586.0,586.0,586.0,0.0,,,,,,,,16,300,10,10,50,0,46.874242877463466,0,LR (TLN)
587,587.0,587.0,587.0,587.0,587.0,0.0,,,,,,,,17,300,10,10,50,0,18276037.01566982,0,LR (TLN)
588,588.0,588.0,588.0,588.0,588.0,0.0,,,,,,,,18,300,10,10,50,0,447.09256392312136,0,LR (TLN)
589,589.0,589.0,589.0,589.0,589.0,0.0,,,,,,,,19,300,10,10,50,0,15.650679768608516,0,LR (TLN)
590,590.0,590.0,590.0,590.0,590.0,0.0,,,,,,,,20,300,10,10,50,0,2.3429703241715388e+16,0,LR (TLN)
591,591.0,591.0,591.0,591.0,591.0,0.0,,,,,,,,21,300,10,10,50,0,634.0775541982644,0,LR (TLN)
592,592.0,592.0,592.0,592.0,592.0,0.0,,,,,,,,22,300,10,10,50,0,3.2259993461569067e+83,0,LR (TLN)
593,593.0,593.0,593.0,593.0,593.0,0.0,,,,,,,,23,300,10,10,50,0,146.65902793845476,0,LR (TLN)
594,594.0,594.0,594.0,594.0,594.0,0.0,,,,,,,,24,300,10,10,50,0,230084267.88467607,0,LR (TLN)
595,595.0,595.0,595.0,595.0,595.0,0.0,,,,,,,,25,300,10,10,50,0,1.2340048852785878e+99,0,LR (TLN)
596,596.0,596.0,596.0,596.0,596.0,0.0,,,,,,,,26,300,10,10,50,0,1002.5899274384936,0,LR (TLN)
597,597.0,597.0,597.0,597.0,597.0,0.0,,,,,,,,27,300,10,10,50,0,1075.127900616313,0,LR (TLN)
598,598.0,598.0,598.0,598.0,598.0,0.0,,,,,,,,28,300,10,10,50,0,337.1201512327856,0,LR (TLN)
599,599.0,599.0,599.0,599.0,599.0,0.0,,,,,,,,29,300,10,10,50,0,1.7262969276276695e+23,0,LR (TLN)
600,600.0,600.0,600.0,600.0,0.0,,,,,,,,,0,400,10,10,50,0,468156.3073901577,0,LR (TLN)
601,601.0,601.0,601.0,601.0,0.0,,,,,,,,,1,400,10,10,50,0,4.3856002316990965,0,LR (TLN)
602,602.0,602.0,602.0,602.0,0.0,,,,,,,,,2,400,10,10,50,0,2.0821283938990707,0,LR (TLN)
603,603.0,603.0,603.0,603.0,0.0,,,,,,,,,3,400,10,10,50,0,30640.59806654611,0,LR (TLN)
604,604.0,604.0,604.0,604.0,0.0,,,,,,,,,4,400,10,10,50,0,0.6206303018176109,0,LR (TLN)
605,605.0,605.0,605.0,605.0,0.0,,,,,,,,,5,400,10,10,50,0,3.3694379913366556e+172,0,LR (TLN)
606,606.0,606.0,606.0,606.0,0.0,,,,,,,,,6,400,10,10,50,0,1.440311779368275e+42,0,LR (TLN)
607,607.0,607.0,607.0,607.0,0.0,,,,,,,,,7,400,10,10,50,0,2.2906869814537003e+19,0,LR (TLN)
608,608.0,608.0,608.0,608.0,0.0,,,,,,,,,8,400,10,10,50,0,3215016.926035252,0,LR (TLN)
609,609.0,609.0,609.0,609.0,0.0,,,,,,,,,9,400,10,10,50,0,159936899922.42383,0,LR (TLN)
610,610.0,610.0,610.0,610.0,0.0,,,,,,,,,10,400,10,10,50,0,95408243.78893502,0,LR (TLN)
611,611.0,611.0,611.0,611.0,0.0,,,,,,,,,11,400,10,10,50,0,61.63413566976126,0,LR (TLN)
612,612.0,612.0,612.0,612.0,0.0,,,,,,,,,12,400,10,10,50,0,192285.61888966983,0,LR (TLN)
613,613.0,613.0,613.0,613.0,0.0,,,,,,,,,13,400,10,10,50,0,inf,0,LR (TLN)
614,614.0,614.0,614.0,614.0,0.0,,,,,,,,,14,400,10,10,50,0,20047.15952555364,0,LR (TLN)
615,615.0,615.0,615.0,615.0,0.0,,,,,,,,,15,400,10,10,50,0,4.032516829972358e+16,0,LR (TLN)
616,616.0,616.0,616.0,616.0,0.0,,,,,,,,,16,400,10,10,50,0,65284.49346523982,0,LR (TLN)
617,617.0,617.0,617.0,617.0,0.0,,,,,,,,,17,400,10,10,50,0,17318.444460193285,0,LR (TLN)
618,618.0,618.0,618.0,618.0,0.0,,,,,,,,,18,400,10,10,50,0,378.994003390015,0,LR (TLN)
619,619.0,619.0,619.0,619.0,0.0,,,,,,,,,19,400,10,10,50,0,153907599.58376613,0,LR (TLN)
620,620.0,620.0,620.0,620.0,0.0,,,,,,,,,20,400,10,10,50,0,48.05390665911263,0,LR (TLN)
621,621.0,621.0,621.0,621.0,0.0,,,,,,,,,21,400,10,10,50,0,398.7027209107325,0,LR (TLN)
622,622.0,622.0,622.0,622.0,0.0,,,,,,,,,22,400,10,10,50,0,48869.97301947097,0,LR (TLN)
623,623.0,623.0,623.0,623.0,0.0,,,,,,,,,23,400,10,10,50,0,inf,0,LR (TLN)
624,624.0,624.0,624.0,624.0,0.0,,,,,,,,,24,400,10,10,50,0,291.80125706785,0,LR (TLN)
625,625.0,625.0,625.0,625.0,0.0,,,,,,,,,25,400,10,10,50,0,12.808605134960604,0,LR (TLN)
626,626.0,626.0,626.0,626.0,0.0,,,,,,,,,26,400,10,10,50,0,5990216323.15196,0,LR (TLN)
627,627.0,627.0,627.0,627.0,0.0,,,,,,,,,27,400,10,10,50,0,115.68171719460672,0,LR (TLN)
628,628.0,628.0,628.0,628.0,0.0,,,,,,,,,28,400,10,10,50,0,7772422468334.706,0,LR (TLN)
629,629.0,629.0,629.0,629.0,0.0,,,,,,,,,29,400,10,10,50,0,5734.986741693411,0,LR (TLN)
630,630.0,630.0,630.0,0.0,,,,,,,,,,0,400,10,10,50,0,6019579929.908312,0,LR (TLN)
631,631.0,631.0,631.0,0.0,,,,,,,,,,1,400,10,10,50,0,993344301396.4896,0,LR (TLN)
632,632.0,632.0,632.0,0.0,,,,,,,,,,2,400,10,10,50,0,137.46866119964517,0,LR (TLN)
633,633.0,633.0,633.0,0.0,,,,,,,,,,3,400,10,10,50,0,1126325879.779384,0,LR (TLN)
634,634.0,634.0,634.0,0.0,,,,,,,,,,4,400,10,10,50,0,2.074121583671898,0,LR (TLN)
635,635.0,635.0,635.0,0.0,,,,,,,,,,5,400,10,10,50,0,1.996993976485263e+16,0,LR (TLN)
636,636.0,636.0,636.0,0.0,,,,,,,,,,6,400,10,10,50,0,7.686010830062235e+24,0,LR (TLN)
637,637.0,637.0,637.0,0.0,,,,,,,,,,7,400,10,10,50,0,2514.041780142338,0,LR (TLN)
638,638.0,638.0,638.0,0.0,,,,,,,,,,8,400,10,10,50,0,355.32235308712245,0,LR (TLN)
639,639.0,639.0,639.0,0.0,,,,,,,,,,9,400,10,10,50,0,544.7580729101448,0,LR (TLN)
640,640.0,640.0,640.0,0.0,,,,,,,,,,10,400,10,10,50,0,98899497.09540266,0,LR (TLN)
641,641.0,641.0,641.0,0.0,,,,,,,,,,11,400,10,10,50,0,147951793.66059396,0,LR (TLN)
642,642.0,642.0,642.0,0.0,,,,,,,,,,12,400,10,10,50,0,3189.537251912263,0,LR (TLN)
643,643.0,643.0,643.0,0.0,,,,,,,,,,13,400,10,10,50,0,8063.219237540205,0,LR (TLN)
644,644.0,644.0,644.0,0.0,,,,,,,,,,14,400,10,10,50,0,6.049329578267226e+99,0,LR (TLN)
645,645.0,645.0,645.0,0.0,,,,,,,,,,15,400,10,10,50,0,2818027032.012532,0,LR (TLN)
646,646.0,646.0,646.0,0.0,,,,,,,,,,16,400,10,10,50,0,697.0841345455447,0,LR (TLN)
647,647.0,647.0,647.0,0.0,,,,,,,,,,17,400,10,10,50,0,3.607760885790028e+17,0,LR (TLN)
648,648.0,648.0,648.0,0.0,,,,,,,,,,18,400,10,10,50,0,15.108919773936616,0,LR (TLN)
649,649.0,649.0,649.0,0.0,,,,,,,,,,19,400,10,10,50,0,7.0919251839424025,0,LR (TLN)
650,650.0,650.0,650.0,0.0,,,,,,,,,,20,400,10,10,50,0,13.530459614868231,0,LR (TLN)
651,651.0,651.0,651.0,0.0,,,,,,,,,,21,400,10,10,50,0,510104432.72293454,0,LR (TLN)
652,652.0,652.0,652.0,0.0,,,,,,,,,,22,400,10,10,50,0,4.778761549556281e+16,0,LR (TLN)
653,653.0,653.0,653.0,0.0,,,,,,,,,,23,400,10,10,50,0,1073185.7699285122,0,LR (TLN)
654,654.0,654.0,654.0,0.0,,,,,,,,,,24,400,10,10,50,0,545.4073786860636,0,LR (TLN)
655,655.0,655.0,655.0,0.0,,,,,,,,,,25,400,10,10,50,0,833339.5634288891,0,LR (TLN)
656,656.0,656.0,656.0,0.0,,,,,,,,,,26,400,10,10,50,0,9.097934129171084e+116,0,LR (TLN)
657,657.0,657.0,657.0,0.0,,,,,,,,,,27,400,10,10,50,0,19.60100708242836,0,LR (TLN)
658,658.0,658.0,658.0,0.0,,,,,,,,,,28,400,10,10,50,0,437900426278.3996,0,LR (TLN)
659,659.0,659.0,659.0,0.0,,,,,,,,,,29,400,10,10,50,0,1412.2984790576752,0,LR (TLN)
660,660.0,660.0,0.0,,,,,,,,,,,0,500,10,10,50,0,1.6486390494087986e+28,0,LR (TLN)
661,661.0,661.0,0.0,,,,,,,,,,,1,500,10,10,50,0,11.679787049711305,0,LR (TLN)
662,662.0,662.0,0.0,,,,,,,,,,,2,500,10,10,50,0,626377264768.6921,0,LR (TLN)
663,663.0,663.0,0.0,,,,,,,,,,,3,500,10,10,50,0,243983.20015736783,0,LR (TLN)
664,664.0,664.0,0.0,,,,,,,,,,,4,500,10,10,50,0,9.39833324718798e+34,0,LR (TLN)
665,665.0,665.0,0.0,,,,,,,,,,,5,500,10,10,50,0,146716.73583449482,0,LR (TLN)
666,666.0,666.0,0.0,,,,,,,,,,,6,500,10,10,50,0,1.2804232233081145e+21,0,LR (TLN)
667,667.0,667.0,0.0,,,,,,,,,,,7,500,10,10,50,0,4.6855374902261604e+111,0,LR (TLN)
668,668.0,668.0,0.0,,,,,,,,,,,8,500,10,10,50,0,7160223.744347075,0,LR (TLN)
669,669.0,669.0,0.0,,,,,,,,,,,9,500,10,10,50,0,104.61831170256548,0,LR (TLN)
670,670.0,670.0,0.0,,,,,,,,,,,10,500,10,10,50,0,42.282323249940006,0,LR (TLN)
671,671.0,671.0,0.0,,,,,,,,,,,11,500,10,10,50,0,555116.8853880491,0,LR (TLN)
672,672.0,672.0,0.0,,,,,,,,,,,12,500,10,10,50,0,1.5050235565519737e+87,0,LR (TLN)
673,673.0,673.0,0.0,,,,,,,,,,,13,500,10,10,50,0,17277.481755704895,0,LR (TLN)
674,674.0,674.0,0.0,,,,,,,,,,,14,500,10,10,50,0,2439332530.483047,0,LR (TLN)
675,675.0,675.0,0.0,,,,,,,,,,,15,500,10,10,50,0,inf,0,LR (TLN)
676,676.0,676.0,0.0,,,,,,,,,,,16,500,10,10,50,0,8.09982984272306,0,LR (TLN)
677,677.0,677.0,0.0,,,,,,,,,,,17,500,10,10,50,0,9085642.459663372,0,LR (TLN)
678,678.0,678.0,0.0,,,,,,,,,,,18,500,10,10,50,0,1358184.25719184,0,LR (TLN)
679,679.0,679.0,0.0,,,,,,,,,,,19,500,10,10,50,0,2118345.685588629,0,LR (TLN)
680,680.0,680.0,0.0,,,,,,,,,,,20,500,10,10,50,0,20964175637456.68,0,LR (TLN)
681,681.0,681.0,0.0,,,,,,,,,,,21,500,10,10,50,0,1053.875888398603,0,LR (TLN)
682,682.0,682.0,0.0,,,,,,,,,,,22,500,10,10,50,0,43265826750517.61,0,LR (TLN)
683,683.0,683.0,0.0,,,,,,,,,,,23,500,10,10,50,0,2792574328701.924,0,LR (TLN)
684,684.0,684.0,0.0,,,,,,,,,,,24,500,10,10,50,0,inf,0,LR (TLN)
685,685.0,685.0,0.0,,,,,,,,,,,25,500,10,10,50,0,159966169191.82675,0,LR (TLN)
686,686.0,686.0,0.0,,,,,,,,,,,26,500,10,10,50,0,54.21832686215547,0,LR (TLN)
687,687.0,687.0,0.0,,,,,,,,,,,27,500,10,10,50,0,51811717.03089378,0,LR (TLN)
688,688.0,688.0,0.0,,,,,,,,,,,28,500,10,10,50,0,4416068336037.023,0,LR (TLN)
689,689.0,689.0,0.0,,,,,,,,,,,29,500,10,10,50,0,360542.9445400747,0,LR (TLN)
690,690.0,0.0,,,,,,,,,,,,0,500,10,10,50,0,35197655.06814797,0,LR (TLN)
691,691.0,0.0,,,,,,,,,,,,1,500,10,10,50,0,8320.780224719529,0,LR (TLN)
692,692.0,0.0,,,,,,,,,,,,2,500,10,10,50,0,1.1433780565198174e+161,0,LR (TLN)
693,693.0,0.0,,,,,,,,,,,,3,500,10,10,50,0,11621049.601451756,0,LR (TLN)
694,694.0,0.0,,,,,,,,,,,,4,500,10,10,50,0,inf,0,LR (TLN)
695,695.0,0.0,,,,,,,,,,,,5,500,10,10,50,0,1.4323615606653678e+16,0,LR (TLN)
696,696.0,0.0,,,,,,,,,,,,6,500,10,10,50,0,1710397.3087321434,0,LR (TLN)
697,697.0,0.0,,,,,,,,,,,,7,500,10,10,50,0,62593.48261410456,0,LR (TLN)
698,698.0,0.0,,,,,,,,,,,,8,500,10,10,50,0,4.939518900380197,0,LR (TLN)
699,699.0,0.0,,,,,,,,,,,,9,500,10,10,50,0,1.4906412478216454e+19,0,LR (TLN)
700,700.0,0.0,,,,,,,,,,,,10,500,10,10,50,0,5.645866030406131e+257,0,LR (TLN)
701,701.0,0.0,,,,,,,,,,,,11,500,10,10,50,0,287284.11686527217,0,LR (TLN)
702,702.0,0.0,,,,,,,,,,,,12,500,10,10,50,0,1.7267934638267774e+181,0,LR (TLN)
703,703.0,0.0,,,,,,,,,,,,13,500,10,10,50,0,6.733997463965647e+58,0,LR (TLN)
704,704.0,0.0,,,,,,,,,,,,14,500,10,10,50,0,4.962749563644062e+30,0,LR (TLN)
705,705.0,0.0,,,,,,,,,,,,15,500,10,10,50,0,9.92826788642319e+16,0,LR (TLN)
706,706.0,0.0,,,,,,,,,,,,16,500,10,10,50,0,75983730663.87248,0,LR (TLN)
707,707.0,0.0,,,,,,,,,,,,17,500,10,10,50,0,1828342259.6128333,0,LR (TLN)
708,708.0,0.0,,,,,,,,,,,,18,500,10,10,50,0,192388.2273296725,0,LR (TLN)
709,709.0,0.0,,,,,,,,,,,,19,500,10,10,50,0,2.1793311954016546e+41,0,LR (TLN)
710,710.0,0.0,,,,,,,,,,,,20,500,10,10,50,0,87543.19419099516,0,LR (TLN)
711,711.0,0.0,,,,,,,,,,,,21,500,10,10,50,0,8.364087965826092e+38,0,LR (TLN)
712,712.0,0.0,,,,,,,,,,,,22,500,10,10,50,0,2955048903.167403,0,LR (TLN)
713,713.0,0.0,,,,,,,,,,,,23,500,10,10,50,0,59000544179162.4,0,LR (TLN)
714,714.0,0.0,,,,,,,,,,,,24,500,10,10,50,0,84798175517.12271,0,LR (TLN)
715,715.0,0.0,,,,,,,,,,,,25,500,10,10,50,0,14040812.64859042,0,LR (TLN)
716,716.0,0.0,,,,,,,,,,,,26,500,10,10,50,0,67871415.26064575,0,LR (TLN)
717,717.0,0.0,,,,,,,,,,,,27,500,10,10,50,0,1486611347527.827,0,LR (TLN)
718,718.0,0.0,,,,,,,,,,,,28,500,10,10,50,0,87921310250.9382,0,LR (TLN)
719,719.0,0.0,,,,,,,,,,,,29,500,10,10,50,0,33180.41034551496,0,LR (TLN)
720,720.0,0.0,,,,,,,,,,,,30,500,10,10,50,0,3990410930.066291,0,LR (TLN)
721,721.0,0.0,,,,,,,,,,,,31,500,10,10,50,0,52.323650339625694,0,LR (TLN)
722,722.0,0.0,,,,,,,,,,,,32,500,10,10,50,0,816.4785588942516,0,LR (TLN)
723,723.0,0.0,,,,,,,,,,,,33,500,10,10,50,0,8548703.66993757,0,LR (TLN)
724,724.0,0.0,,,,,,,,,,,,34,500,10,10,50,0,1.8972201925258183e+37,0,LR (TLN)
725,725.0,0.0,,,,,,,,,,,,35,500,10,10,50,0,282.94764418139937,0,LR (TLN)
726,726.0,0.0,,,,,,,,,,,,36,500,10,10,50,0,2.6800038424504045e+23,0,LR (TLN)
727,727.0,0.0,,,,,,,,,,,,37,500,10,10,50,0,4430.593615680021,0,LR (TLN)
728,728.0,0.0,,,,,,,,,,,,38,500,10,10,50,0,1.922897827738026e+16,0,LR (TLN)
729,729.0,0.0,,,,,,,,,,,,39,500,10,10,50,0,64806529.09097127,0,LR (TLN)
730,730.0,0.0,,,,,,,,,,,,40,500,10,10,50,0,409880.3983360516,0,LR (TLN)
731,731.0,0.0,,,,,,,,,,,,41,500,10,10,50,0,5.916638461490487e+18,0,LR (TLN)
732,732.0,0.0,,,,,,,,,,,,42,500,10,10,50,0,110.43411806574176,0,LR (TLN)
733,733.0,0.0,,,,,,,,,,,,43,500,10,10,50,0,228990.8288038364,0,LR (TLN)
734,734.0,0.0,,,,,,,,,,,,44,500,10,10,50,0,682024619.9718697,0,LR (TLN)
735,735.0,0.0,,,,,,,,,,,,45,500,10,10,50,0,120.31896137180134,0,LR (TLN)
736,736.0,0.0,,,,,,,,,,,,46,500,10,10,50,0,5.757482374624556e+114,0,LR (TLN)
737,737.0,0.0,,,,,,,,,,,,47,500,10,10,50,0,256032.66712717144,0,LR (TLN)
738,738.0,0.0,,,,,,,,,,,,48,500,10,10,50,0,673270501512.0686,0,LR (TLN)
739,739.0,0.0,,,,,,,,,,,,49,500,10,10,50,0,3035.0074204878897,0,LR (TLN)
740,740.0,0.0,,,,,,,,,,,,50,500,10,10,50,0,4166772509.432769,0,LR (TLN)
741,741.0,0.0,,,,,,,,,,,,51,500,10,10,50,0,275.6171953763179,0,LR (TLN)
742,742.0,0.0,,,,,,,,,,,,52,500,10,10,50,0,2.471118336307298e+32,0,LR (TLN)
743,743.0,0.0,,,,,,,,,,,,53,500,10,10,50,0,28440.9576449212,0,LR (TLN)
744,744.0,0.0,,,,,,,,,,,,54,500,10,10,50,0,1706272497.6288145,0,LR (TLN)
745,745.0,0.0,,,,,,,,,,,,55,500,10,10,50,0,27.85449885435016,0,LR (TLN)
746,746.0,0.0,,,,,,,,,,,,56,500,10,10,50,0,9839734223.683064,0,LR (TLN)
747,747.0,0.0,,,,,,,,,,,,57,500,10,10,50,0,4.7221783151023276e+128,0,LR (TLN)
748,748.0,0.0,,,,,,,,,,,,58,500,10,10,50,0,1.1763401845123555e+34,0,LR (TLN)
749,749.0,0.0,,,,,,,,,,,,59,500,10,10,50,0,9.67646316731317e+53,0,LR (TLN)
750,750.0,0.0,,,,,,,,,,,,60,500,10,10,50,0,552105026355.8678,0,LR (TLN)
751,751.0,0.0,,,,,,,,,,,,61,500,10,10,50,0,3.1758252269416785e+21,0,LR (TLN)
752,752.0,0.0,,,,,,,,,,,,62,500,10,10,50,0,22499.78275331288,0,LR (TLN)
753,753.0,0.0,,,,,,,,,,,,63,500,10,10,50,0,8344010729475.557,0,LR (TLN)
754,754.0,0.0,,,,,,,,,,,,64,500,10,10,50,0,720353026695422.9,0,LR (TLN)
755,755.0,0.0,,,,,,,,,,,,65,500,10,10,50,0,18625.042220755862,0,LR (TLN)
756,756.0,0.0,,,,,,,,,,,,66,500,10,10,50,0,295144397965.8191,0,LR (TLN)
757,757.0,0.0,,,,,,,,,,,,67,500,10,10,50,0,0.6262658650069916,0,LR (TLN)
758,758.0,0.0,,,,,,,,,,,,68,500,10,10,50,0,12.205895726641668,0,LR (TLN)
759,759.0,0.0,,,,,,,,,,,,69,500,10,10,50,0,6722179559.66034,0,LR (TLN)
760,760.0,0.0,,,,,,,,,,,,70,500,10,10,50,0,51630.57845300157,0,LR (TLN)
761,761.0,0.0,,,,,,,,,,,,71,500,10,10,50,0,838961212626522.6,0,LR (TLN)
762,762.0,0.0,,,,,,,,,,,,72,500,10,10,50,0,1.5958220641544442e+16,0,LR (TLN)
763,763.0,0.0,,,,,,,,,,,,73,500,10,10,50,0,2075854833.3133817,0,LR (TLN)
764,764.0,0.0,,,,,,,,,,,,74,500,10,10,50,0,110103057872.45992,0,LR (TLN)
765,765.0,0.0,,,,,,,,,,,,75,500,10,10,50,0,1900742869949.359,0,LR (TLN)
766,766.0,0.0,,,,,,,,,,,,76,500,10,10,50,0,1069930.285681133,0,LR (TLN)
767,767.0,0.0,,,,,,,,,,,,77,500,10,10,50,0,46542499609.83432,0,LR (TLN)
768,768.0,0.0,,,,,,,,,,,,78,500,10,10,50,0,34278223.67357138,0,LR (TLN)
769,769.0,0.0,,,,,,,,,,,,79,500,10,10,50,0,121252.88412058757,0,LR (TLN)
770,770.0,0.0,,,,,,,,,,,,80,500,10,10,50,0,453054.4271196701,0,LR (TLN)
771,771.0,0.0,,,,,,,,,,,,81,500,10,10,50,0,119.24466133231276,0,LR (TLN)
772,772.0,0.0,,,,,,,,,,,,82,500,10,10,50,0,17.622521590449665,0,LR (TLN)
773,773.0,0.0,,,,,,,,,,,,83,500,10,10,50,0,27.733780398385164,0,LR (TLN)
774,774.0,0.0,,,,,,,,,,,,84,500,10,10,50,0,1.1654092422497142e+39,0,LR (TLN)
775,775.0,0.0,,,,,,,,,,,,85,500,10,10,50,0,209.72751765324068,0,LR (TLN)
776,776.0,0.0,,,,,,,,,,,,86,500,10,10,50,0,3.869850872573004e+19,0,LR (TLN)
777,777.0,0.0,,,,,,,,,,,,87,500,10,10,50,0,2.043715907636872,0,LR (TLN)
778,778.0,0.0,,,,,,,,,,,,88,500,10,10,50,0,141993843.0058251,0,LR (TLN)
779,779.0,0.0,,,,,,,,,,,,89,500,10,10,50,0,258831932037.9291,0,LR (TLN)
780,780.0,0.0,,,,,,,,,,,,90,500,10,10,50,0,462481052.79159147,0,LR (TLN)
781,781.0,0.0,,,,,,,,,,,,91,500,10,10,50,0,1.539471163495943e+19,0,LR (TLN)
782,782.0,0.0,,,,,,,,,,,,92,500,10,10,50,0,0.9991342205600484,0,LR (TLN)
783,783.0,0.0,,,,,,,,,,,,93,500,10,10,50,0,18474839810.647724,0,LR (TLN)
784,784.0,0.0,,,,,,,,,,,,94,500,10,10,50,0,1.1519237043999238e+38,0,LR (TLN)
785,785.0,0.0,,,,,,,,,,,,95,500,10,10,50,0,2.53670936781042e+35,0,LR (TLN)
786,786.0,0.0,,,,,,,,,,,,96,500,10,10,50,0,15276347947.670502,0,LR (TLN)
787,787.0,0.0,,,,,,,,,,,,97,500,10,10,50,0,2.8478971832467364e+16,0,LR (TLN)
788,788.0,0.0,,,,,,,,,,,,98,500,10,10,50,0,163064260.17188713,0,LR (TLN)
789,789.0,0.0,,,,,,,,,,,,99,500,10,10,50,0,4163.011921383952,0,LR (TLN)
790,0.0,,,,,,,,,,,,,0,600,10,10,50,0,616632190979.767,0,LR (TLN)
791,0.0,,,,,,,,,,,,,1,600,10,10,50,0,690.7972671871206,0,LR (TLN)
792,0.0,,,,,,,,,,,,,2,600,10,10,50,0,278.1232951496506,0,LR (TLN)
793,0.0,,,,,,,,,,,,,3,600,10,10,50,0,5.499781274157725,0,LR (TLN)
794,0.0,,,,,,,,,,,,,4,600,10,10,50,0,57183455510.73704,0,LR (TLN)
795,0.0,,,,,,,,,,,,,5,600,10,10,50,0,3.9163450511614494e+41,0,LR (TLN)
796,0.0,,,,,,,,,,,,,6,600,10,10,50,0,3141005496197.759,0,LR (TLN)
797,0.0,,,,,,,,,,,,,7,600,10,10,50,0,36.60346704453491,0,LR (TLN)
798,0.0,,,,,,,,,,,,,8,600,10,10,50,0,4.838516978753951e+17,0,LR (TLN)
799,0.0,,,,,,,,,,,,,9,600,10,10,50,0,9.332413923731128,0,LR (TLN)
800,0.0,,,,,,,,,,,,,10,600,10,10,50,0,1.0195095137917324e+21,0,LR (TLN)
801,0.0,,,,,,,,,,,,,11,600,10,10,50,0,13518953847.85035,0,LR (TLN)
802,0.0,,,,,,,,,,,,,12,600,10,10,50,0,5.55247785538118,0,LR (TLN)
803,0.0,,,,,,,,,,,,,13,600,10,10,50,0,40.68263360215737,0,LR (TLN)
804,0.0,,,,,,,,,,,,,14,600,10,10,50,0,11262070.837207893,0,LR (TLN)
805,0.0,,,,,,,,,,,,,15,600,10,10,50,0,6.060966688844388e+18,0,LR (TLN)
806,0.0,,,,,,,,,,,,,16,600,10,10,50,0,682482226783967.1,0,LR (TLN)
807,0.0,,,,,,,,,,,,,17,600,10,10,50,0,1587765.8368946644,0,LR (TLN)
808,0.0,,,,,,,,,,,,,18,600,10,10,50,0,612.886311214518,0,LR (TLN)
809,0.0,,,,,,,,,,,,,19,600,10,10,50,0,1.0606713415499448e+203,0,LR (TLN)
810,0.0,,,,,,,,,,,,,20,600,10,10,50,0,5.289980892260144e+244,0,LR (TLN)
811,0.0,,,,,,,,,,,,,21,600,10,10,50,0,1.5118105418087125e+35,0,LR (TLN)
812,0.0,,,,,,,,,,,,,22,600,10,10,50,0,2.702577320499605e+54,0,LR (TLN)
813,0.0,,,,,,,,,,,,,23,600,10,10,50,0,7.3321273858073696e+78,0,LR (TLN)
814,0.0,,,,,,,,,,,,,24,600,10,10,50,0,124291590.70180228,0,LR (TLN)
815,0.0,,,,,,,,,,,,,25,600,10,10,50,0,1.4988693963202308e+291,0,LR (TLN)
816,0.0,,,,,,,,,,,,,26,600,10,10,50,0,72673.61949189728,0,LR (TLN)
817,0.0,,,,,,,,,,,,,27,600,10,10,50,0,5.722343732466002e+26,0,LR (TLN)
818,0.0,,,,,,,,,,,,,28,600,10,10,50,0,4240.937639502014,0,LR (TLN)
819,0.0,,,,,,,,,,,,,29,600,10,10,50,0,0.821452188466861,0,LR (TLN)
820,0.0,,,,,,,,,,,,,30,600,10,10,50,0,4.141680757376397,0,LR (TLN)
821,0.0,,,,,,,,,,,,,31,600,10,10,50,0,727239921.84417,0,LR (TLN)
822,0.0,,,,,,,,,,,,,32,600,10,10,50,0,25602613681229.773,0,LR (TLN)
823,0.0,,,,,,,,,,,,,33,600,10,10,50,0,16076.439597999994,0,LR (TLN)
824,0.0,,,,,,,,,,,,,34,600,10,10,50,0,14995771.038605873,0,LR (TLN)
825,0.0,,,,,,,,,,,,,35,600,10,10,50,0,5300113037.259788,0,LR (TLN)
826,0.0,,,,,,,,,,,,,36,600,10,10,50,0,24.789636414923933,0,LR (TLN)
827,0.0,,,,,,,,,,,,,37,600,10,10,50,0,2996.218489801503,0,LR (TLN)
828,0.0,,,,,,,,,,,,,38,600,10,10,50,0,2803.2944351732,0,LR (TLN)
829,0.0,,,,,,,,,,,,,39,600,10,10,50,0,121.36500400898832,0,LR (TLN)
830,0.0,,,,,,,,,,,,,40,600,10,10,50,0,6.326801289974305e+18,0,LR (TLN)
831,0.0,,,,,,,,,,,,,41,600,10,10,50,0,1969106.8249398265,0,LR (TLN)
832,0.0,,,,,,,,,,,,,42,600,10,10,50,0,1025516.0798728188,0,LR (TLN)
833,0.0,,,,,,,,,,,,,43,600,10,10,50,0,2.097395331022188,0,LR (TLN)
834,0.0,,,,,,,,,,,,,44,600,10,10,50,0,397802.37378969614,0,LR (TLN)
835,0.0,,,,,,,,,,,,,45,600,10,10,50,0,4.92211837342848e+18,0,LR (TLN)
836,0.0,,,,,,,,,,,,,46,600,10,10,50,0,3.893747746226288e+30,0,LR (TLN)
837,0.0,,,,,,,,,,,,,47,600,10,10,50,0,15.79441175515197,0,LR (TLN)
838,0.0,,,,,,,,,,,,,48,600,10,10,50,0,1314394163556.8315,0,LR (TLN)
839,0.0,,,,,,,,,,,,,49,600,10,10,50,0,5374725196398.455,0,LR (TLN)
840,0.0,,,,,,,,,,,,,50,600,10,10,50,0,3146.3549956736365,0,LR (TLN)
841,0.0,,,,,,,,,,,,,51,600,10,10,50,0,1638738.335088149,0,LR (TLN)
842,0.0,,,,,,,,,,,,,52,600,10,10,50,0,100.67934245478094,0,LR (TLN)
843,0.0,,,,,,,,,,,,,53,600,10,10,50,0,6.925819743423901e+22,0,LR (TLN)
844,0.0,,,,,,,,,,,,,54,600,10,10,50,0,5875592.03072357,0,LR (TLN)
845,0.0,,,,,,,,,,,,,55,600,10,10,50,0,156081.0043202272,0,LR (TLN)
846,0.0,,,,,,,,,,,,,56,600,10,10,50,0,28220067.985871173,0,LR (TLN)
847,0.0,,,,,,,,,,,,,57,600,10,10,50,0,315694435.7996864,0,LR (TLN)
848,0.0,,,,,,,,,,,,,58,600,10,10,50,0,2.133338443409433,0,LR (TLN)
849,0.0,,,,,,,,,,,,,59,600,10,10,50,0,0.962343379254514,0,LR (TLN)
850,0.0,,,,,,,,,,,,,60,600,10,10,50,0,1115990925.3947606,0,LR (TLN)
851,0.0,,,,,,,,,,,,,61,600,10,10,50,0,7666.141690374736,0,LR (TLN)
852,0.0,,,,,,,,,,,,,62,600,10,10,50,0,6766265.738790614,0,LR (TLN)
853,0.0,,,,,,,,,,,,,63,600,10,10,50,0,18.28416986060359,0,LR (TLN)
854,0.0,,,,,,,,,,,,,64,600,10,10,50,0,,0,LR (TLN)
855,0.0,,,,,,,,,,,,,65,600,10,10,50,0,2.8088365253064924,0,LR (TLN)
856,0.0,,,,,,,,,,,,,66,600,10,10,50,0,3.134388041979551,0,LR (TLN)
857,0.0,,,,,,,,,,,,,67,600,10,10,50,0,1.9165301214795264e+105,0,LR (TLN)
858,0.0,,,,,,,,,,,,,68,600,10,10,50,0,12.382183810345945,0,LR (TLN)
859,0.0,,,,,,,,,,,,,69,600,10,10,50,0,35421.57861473107,0,LR (TLN)
860,0.0,,,,,,,,,,,,,70,600,10,10,50,0,3299.003989009868,0,LR (TLN)
861,0.0,,,,,,,,,,,,,71,600,10,10,50,0,150559055.72166383,0,LR (TLN)
862,0.0,,,,,,,,,,,,,72,600,10,10,50,0,1562994044.704558,0,LR (TLN)
863,0.0,,,,,,,,,,,,,73,600,10,10,50,0,1.416915292930596e+22,0,LR (TLN)
864,0.0,,,,,,,,,,,,,74,600,10,10,50,0,396996582326261.1,0,LR (TLN)
865,0.0,,,,,,,,,,,,,75,600,10,10,50,0,inf,0,LR (TLN)
866,0.0,,,,,,,,,,,,,76,600,10,10,50,0,4.145462486983149e+55,0,LR (TLN)
867,0.0,,,,,,,,,,,,,77,600,10,10,50,0,10124.250522870989,0,LR (TLN)
868,0.0,,,,,,,,,,,,,78,600,10,10,50,0,42.38311869409613,0,LR (TLN)
869,0.0,,,,,,,,,,,,,79,600,10,10,50,0,2.146480069741414e+19,0,LR (TLN)
870,0.0,,,,,,,,,,,,,80,600,10,10,50,0,2.085303861177538e+17,0,LR (TLN)
871,0.0,,,,,,,,,,,,,81,600,10,10,50,0,311110.8477765765,0,LR (TLN)
872,0.0,,,,,,,,,,,,,82,600,10,10,50,0,1024042620.3803052,0,LR (TLN)
873,0.0,,,,,,,,,,,,,83,600,10,10,50,0,49.85403504805903,0,LR (TLN)
874,0.0,,,,,,,,,,,,,84,600,10,10,50,0,11900.427402748646,0,LR (TLN)
875,0.0,,,,,,,,,,,,,85,600,10,10,50,0,54.592086974399066,0,LR (TLN)
876,0.0,,,,,,,,,,,,,86,600,10,10,50,0,9422450741100.557,0,LR (TLN)
877,0.0,,,,,,,,,,,,,87,600,10,10,50,0,9.839376059083412,0,LR (TLN)
878,0.0,,,,,,,,,,,,,88,600,10,10,50,0,36013631.11682225,0,LR (TLN)
879,0.0,,,,,,,,,,,,,89,600,10,10,50,0,2.506823914050689e+16,0,LR (TLN)
880,0.0,,,,,,,,,,,,,90,600,10,10,50,0,2515113007139407.0,0,LR (TLN)
881,0.0,,,,,,,,,,,,,91,600,10,10,50,0,1514544651124.1892,0,LR (TLN)
882,0.0,,,,,,,,,,,,,92,600,10,10,50,0,2928651654185.6284,0,LR (TLN)
883,0.0,,,,,,,,,,,,,93,600,10,10,50,0,632963744.9102128,0,LR (TLN)
884,0.0,,,,,,,,,,,,,94,600,10,10,50,0,11.848877770656284,0,LR (TLN)
885,0.0,,,,,,,,,,,,,95,600,10,10,50,0,3.934225557841052e+101,0,LR (TLN)
886,0.0,,,,,,,,,,,,,96,600,10,10,50,0,7.488330102144372e+18,0,LR (TLN)
887,0.0,,,,,,,,,,,,,97,600,10,10,50,0,31121.17975295877,0,LR (TLN)
888,0.0,,,,,,,,,,,,,98,600,10,10,50,0,35400039.92386896,0,LR (TLN)
889,0.0,,,,,,,,,,,,,99,600,10,10,50,0,2.223835949349965e+102,0,LR (TLN)
0,,,,,,,,,,,,,,0,600,10,10,50,0,5.336109270351989e+115,0,LR (TLN)
0,,,,,,,,,,,,,,1,600,10,10,50,0,6.267743982533157e+67,0,LR (TLN)
0,,,,,,,,,,,,,,2,600,10,10,50,0,1.1382759801228546,0,LR (TLN)
0,,,,,,,,,,,,,,3,600,10,10,50,0,673.0219487485608,0,LR (TLN)
0,,,,,,,,,,,,,,4,600,10,10,50,0,1.7970335132674866,0,LR (TLN)
0,,,,,,,,,,,,,,5,600,10,10,50,0,1.0630922446598245e+31,0,LR (TLN)
0,,,,,,,,,,,,,,6,600,10,10,50,0,20.010977429270916,0,LR (TLN)
0,,,,,,,,,,,,,,7,600,10,10,50,0,2677290890061.947,0,LR (TLN)
0,,,,,,,,,,,,,,8,600,10,10,50,0,2885.715701284177,0,LR (TLN)
0,,,,,,,,,,,,,,9,600,10,10,50,0,7.022707912307233,0,LR (TLN)
0,,,,,,,,,,,,,,10,600,10,10,50,0,2.030642501472429e+32,0,LR (TLN)
0,,,,,,,,,,,,,,11,600,10,10,50,0,24.243355884774576,0,LR (TLN)
0,,,,,,,,,,,,,,12,600,10,10,50,0,5.6413567143964086e+23,0,LR (TLN)
0,,,,,,,,,,,,,,13,600,10,10,50,0,241.3730119737028,0,LR (TLN)
0,,,,,,,,,,,,,,14,600,10,10,50,0,949.1075782588954,0,LR (TLN)
0,,,,,,,,,,,,,,15,600,10,10,50,0,24966242.084546514,0,LR (TLN)
0,,,,,,,,,,,,,,16,600,10,10,50,0,6.959867036211593,0,LR (TLN)
0,,,,,,,,,,,,,,17,600,10,10,50,0,28134603664601.62,0,LR (TLN)
0,,,,,,,,,,,,,,18,600,10,10,50,0,1937.0113422173065,0,LR (TLN)
0,,,,,,,,,,,,,,19,600,10,10,50,0,2660155459.19028,0,LR (TLN)
0,,,,,,,,,,,,,,20,600,10,10,50,0,551688.476764877,0,LR (TLN)
0,,,,,,,,,,,,,,21,600,10,10,50,0,9.292409177380835e+26,0,LR (TLN)
0,,,,,,,,,,,,,,22,600,10,10,50,0,642290758.5436591,0,LR (TLN)
0,,,,,,,,,,,,,,23,600,10,10,50,0,4828722565.569429,0,LR (TLN)
0,,,,,,,,,,,,,,24,600,10,10,50,0,1893.1119652009631,0,LR (TLN)
0,,,,,,,,,,,,,,25,600,10,10,50,0,83396723314.36862,0,LR (TLN)
0,,,,,,,,,,,,,,26,600,10,10,50,0,86924298362370.16,0,LR (TLN)
0,,,,,,,,,,,,,,27,600,10,10,50,0,1223228978454.9849,0,LR (TLN)
0,,,,,,,,,,,,,,28,600,10,10,50,0,57.12697077940477,0,LR (TLN)
0,,,,,,,,,,,,,,29,600,10,10,50,0,200920359.6383966,0,LR (TLN)
0,,,,,,,,,,,,,,30,600,10,10,50,0,0.4492249798580377,0,LR (TLN)
0,,,,,,,,,,,,,,31,600,10,10,50,0,14249176.847387984,0,LR (TLN)
0,,,,,,,,,,,,,,32,600,10,10,50,0,1306.92803290681,0,LR (TLN)
0,,,,,,,,,,,,,,33,600,10,10,50,0,15436.204060353655,0,LR (TLN)
0,,,,,,,,,,,,,,34,600,10,10,50,0,40845020.61506682,0,LR (TLN)
0,,,,,,,,,,,,,,35,600,10,10,50,0,inf,0,LR (TLN)
0,,,,,,,,,,,,,,36,600,10,10,50,0,1.2333263631272372e+245,0,LR (TLN)
0,,,,,,,,,,,,,,37,600,10,10,50,0,17.7345664991304,0,LR (TLN)
0,,,,,,,,,,,,,,38,600,10,10,50,0,302709193407.63995,0,LR (TLN)
0,,,,,,,,,,,,,,39,600,10,10,50,0,123.99192217412944,0,LR (TLN)
0,,,,,,,,,,,,,,40,600,10,10,50,0,52.492194200549804,0,LR (TLN)
0,,,,,,,,,,,,,,41,600,10,10,50,0,71710571.01098803,0,LR (TLN)
0,,,,,,,,,,,,,,42,600,10,10,50,0,1580225327040239.5,0,LR (TLN)
0,,,,,,,,,,,,,,43,600,10,10,50,0,19.554328160378823,0,LR (TLN)
0,,,,,,,,,,,,,,44,600,10,10,50,0,1263.9386690764018,0,LR (TLN)
0,,,,,,,,,,,,,,45,600,10,10,50,0,6.819519015870569e+16,0,LR (TLN)
0,,,,,,,,,,,,,,46,600,10,10,50,0,124.59493063277921,0,LR (TLN)
0,,,,,,,,,,,,,,47,600,10,10,50,0,5789.660593230471,0,LR (TLN)
0,,,,,,,,,,,,,,48,600,10,10,50,0,2707.1867260372387,0,LR (TLN)
0,,,,,,,,,,,,,,49,600,10,10,50,0,3.929138561556063,0,LR (TLN)
0,,,,,,,,,,,,,,50,600,10,10,50,0,15.849913842673908,0,LR (TLN)
0,,,,,,,,,,,,,,51,600,10,10,50,0,2913158521331.432,0,LR (TLN)
0,,,,,,,,,,,,,,52,600,10,10,50,0,127316.2567467019,0,LR (TLN)
0,,,,,,,,,,,,,,53,600,10,10,50,0,31083.709829200707,0,LR (TLN)
0,,,,,,,,,,,,,,54,600,10,10,50,0,5065.473034895056,0,LR (TLN)
0,,,,,,,,,,,,,,55,600,10,10,50,0,23142.84081116536,0,LR (TLN)
0,,,,,,,,,,,,,,56,600,10,10,50,0,54417571.60333599,0,LR (TLN)
0,,,,,,,,,,,,,,57,600,10,10,50,0,1091.7908872357305,0,LR (TLN)
0,,,,,,,,,,,,,,58,600,10,10,50,0,452298218.57344913,0,LR (TLN)
0,,,,,,,,,,,,,,59,600,10,10,50,0,291084489.0553523,0,LR (TLN)
0,,,,,,,,,,,,,,60,600,10,10,50,0,423987631.3352033,0,LR (TLN)
0,,,,,,,,,,,,,,61,600,10,10,50,0,290805.52207054564,0,LR (TLN)
0,,,,,,,,,,,,,,62,600,10,10,50,0,10983.612770159341,0,LR (TLN)
0,,,,,,,,,,,,,,63,600,10,10,50,0,16.823435230966876,0,LR (TLN)
0,,,,,,,,,,,,,,64,600,10,10,50,0,148.8520295415865,0,LR (TLN)
0,,,,,,,,,,,,,,65,600,10,10,50,0,1538441296120.4954,0,LR (TLN)
0,,,,,,,,,,,,,,66,600,10,10,50,0,15.542198994588242,0,LR (TLN)
0,,,,,,,,,,,,,,67,600,10,10,50,0,47357.09116862051,0,LR (TLN)
0,,,,,,,,,,,,,,68,600,10,10,50,0,796.6923643370529,0,LR (TLN)
0,,,,,,,,,,,,,,69,600,10,10,50,0,3.437035632485579e+32,0,LR (TLN)
0,,,,,,,,,,,,,,70,600,10,10,50,0,inf,0,LR (TLN)
0,,,,,,,,,,,,,,71,600,10,10,50,0,1.3857003138891897e+28,0,LR (TLN)
0,,,,,,,,,,,,,,72,600,10,10,50,0,1.1677139177193572,0,LR (TLN)
0,,,,,,,,,,,,,,73,600,10,10,50,0,110.01334369442046,0,LR (TLN)
0,,,,,,,,,,,,,,74,600,10,10,50,0,301797238.5547365,0,LR (TLN)
0,,,,,,,,,,,,,,75,600,10,10,50,0,126.19227257730192,0,LR (TLN)
0,,,,,,,,,,,,,,76,600,10,10,50,0,0.3713852314394702,0,LR (TLN)
0,,,,,,,,,,,,,,77,600,10,10,50,0,222823731305.00507,0,LR (TLN)
0,,,,,,,,,,,,,,78,600,10,10,50,0,644563728646.131,0,LR (TLN)
0,,,,,,,,,,,,,,79,600,10,10,50,0,1709.0308894642421,0,LR (TLN)
0,,,,,,,,,,,,,,80,600,10,10,50,0,403511.4961887833,0,LR (TLN)
0,,,,,,,,,,,,,,81,600,10,10,50,0,2.926637151152526e+46,0,LR (TLN)
0,,,,,,,,,,,,,,82,600,10,10,50,0,10273082.955301328,0,LR (TLN)
0,,,,,,,,,,,,,,83,600,10,10,50,0,18018.94561448851,0,LR (TLN)
0,,,,,,,,,,,,,,84,600,10,10,50,0,398806633.97283787,0,LR (TLN)
0,,,,,,,,,,,,,,85,600,10,10,50,0,2.7844060014279855e+35,0,LR (TLN)
0,,,,,,,,,,,,,,86,600,10,10,50,0,10856375781619.912,0,LR (TLN)
0,,,,,,,,,,,,,,87,600,10,10,50,0,135417.03799559042,0,LR (TLN)
0,,,,,,,,,,,,,,88,600,10,10,50,0,82876064819604.4,0,LR (TLN)
0,,,,,,,,,,,,,,89,600,10,10,50,0,1004600025926952.6,0,LR (TLN)
0,,,,,,,,,,,,,,90,600,10,10,50,0,114.99644497966786,0,LR (TLN)
0,,,,,,,,,,,,,,91,600,10,10,50,0,3.4010403557445455e+20,0,LR (TLN)
0,,,,,,,,,,,,,,92,600,10,10,50,0,12415999516.27026,0,LR (TLN)
0,,,,,,,,,,,,,,93,600,10,10,50,0,1.7896644363837492e+16,0,LR (TLN)
0,,,,,,,,,,,,,,94,600,10,10,50,0,734.9629073639792,0,LR (TLN)
0,,,,,,,,,,,,,,95,600,10,10,50,0,6.8817225141216465,0,LR (TLN)
0,,,,,,,,,,,,,,96,600,10,10,50,0,10565.638584462353,0,LR (TLN)
0,,,,,,,,,,,,,,97,600,10,10,50,0,6.231520096665903e+90,0,LR (TLN)
0,,,,,,,,,,,,,,98,600,10,10,50,0,2.0384445971014995,0,LR (TLN)
0,,,,,,,,,,,,,,99,600,10,10,50,0,988397940947.5056,0,LR (TLN)
